date,description,deposit,withdrawal,account_id,net_change,rolling_balance
2019-01-01,Sales sweep deposit,4726.44,0.0,CHK-001,4726.44,79726.44
2019-01-01,Store & warehouse rent,0.0,18500.0,CHK-001,-18500.0,61226.44
2019-01-02,Misc operating expense,0.0,486.05,CHK-001,-486.05,60740.39
2019-01-03,Payroll,0.0,11758.92,CHK-001,-11758.92,48981.47
2019-01-04,Sales sweep deposit,4102.04,0.0,CHK-001,4102.04,53083.509999999995
2019-01-08,Sales sweep deposit,4474.33,0.0,CHK-001,4474.33,57557.84
2019-01-10,Utilities (power/water/internet),0.0,2034.7,CHK-001,-2034.7,55523.14
2019-01-11,Sales sweep deposit,4447.37,0.0,CHK-001,4447.37,59970.509999999995
2019-01-14,Misc operating expense,0.0,1088.76,CHK-001,-1088.76,58881.75
2019-01-15,Inventory supplier payment,0.0,8690.8,CHK-001,-8690.8,50190.95
2019-01-15,Sales sweep deposit,4883.8,0.0,CHK-001,4883.8,55074.75
2019-01-17,Payroll,0.0,12940.73,CHK-001,-12940.73,42134.020000000004
2019-01-18,Sales sweep deposit,3898.93,0.0,CHK-001,3898.93,46032.95
2019-01-19,Refunds / chargeback reversal,293.03,0.0,CHK-001,293.03,46325.979999999996
2019-01-22,Sales sweep deposit,4852.55,0.0,CHK-001,4852.55,51178.53
2019-01-25,Sales sweep deposit,4060.39,0.0,CHK-001,4060.39,55238.92
2019-01-28,Inventory supplier payment,0.0,8132.31,CHK-001,-8132.31,47106.61
2019-01-29,Sales sweep deposit,4808.08,0.0,CHK-001,4808.08,51914.69
2019-01-31,Payroll,0.0,12248.04,CHK-001,-12248.04,39666.65
2019-02-01,Sales sweep deposit,4718.12,0.0,CHK-001,4718.12,44384.770000000004
2019-02-01,Store & warehouse rent,0.0,18500.0,CHK-001,-18500.0,25884.770000000004
2019-02-05,Sales sweep deposit,3926.54,0.0,CHK-001,3926.54,29811.309999999998
2019-02-08,Sales sweep deposit,3889.36,0.0,CHK-001,3889.36,33700.67
2019-02-12,Sales sweep deposit,4159.1,0.0,CHK-001,4159.1,37859.770000000004
2019-02-14,Payroll,0.0,11793.82,CHK-001,-11793.82,26065.949999999997
2019-02-15,Inventory supplier payment,0.0,8060.68,CHK-001,-8060.68,18005.270000000004
2019-02-15,Sales sweep deposit,3844.83,0.0,CHK-001,3844.83,21850.1
2019-02-17,Sales sweep deposit,4982.51,0.0,CHK-001,4982.51,26832.61
2019-02-19,Sales sweep deposit,4228.7,0.0,CHK-001,4228.7,31061.309999999998
2019-02-22,Sales sweep deposit,3412.42,0.0,CHK-001,3412.42,34473.73
2019-02-24,Sales sweep deposit,4168.73,0.0,CHK-001,4168.73,38642.46
2019-02-26,Sales sweep deposit,3477.95,0.0,CHK-001,3477.95,42120.41
2019-02-28,Inventory supplier payment,0.0,8756.93,CHK-001,-8756.93,33363.479999999996
2019-02-28,Payroll,0.0,12730.04,CHK-001,-12730.04,20633.440000000002
2019-02-28,Refunds / chargeback reversal,70.54,0.0,CHK-001,70.54,20703.979999999996
2019-03-01,Sales sweep deposit,4630.67,0.0,CHK-001,4630.67,25334.65
2019-03-01,Store & warehouse rent,0.0,18500.0,CHK-001,-18500.0,6834.649999999994
2019-03-03,Sales sweep deposit,3363.99,0.0,CHK-001,3363.99,10198.64
2019-03-05,Sales sweep deposit,3438.21,0.0,CHK-001,3438.21,13636.849999999999
2019-03-08,Sales sweep deposit,4287.55,0.0,CHK-001,4287.55,17924.399999999994
2019-03-11,Misc operating expense,0.0,1598.34,CHK-001,-1598.34,16326.059999999998
2019-03-12,Sales sweep deposit,3643.08,0.0,CHK-001,3643.08,19969.14
2019-03-14,Payroll,0.0,12299.98,CHK-001,-12299.98,7669.1600000000035
2019-03-15,Inventory supplier payment,0.0,8098.56,CHK-001,-8098.56,-429.40000000000873
2019-03-15,Sales sweep deposit,4428.94,0.0,CHK-001,4428.94,3999.5399999999936
2019-03-19,Sales sweep deposit,4932.11,0.0,CHK-001,4932.11,8931.649999999994
2019-03-22,Sales sweep deposit,4803.89,0.0,CHK-001,4803.89,13735.539999999994
2019-03-26,Sales sweep deposit,3376.36,0.0,CHK-001,3376.36,17111.899999999994
2019-03-28,Inventory supplier payment,0.0,9259.04,CHK-001,-9259.04,7852.860000000001
2019-03-28,Payroll,0.0,12625.82,CHK-001,-12625.82,-4772.960000000006
2019-03-29,Sales sweep deposit,4051.52,0.0,CHK-001,4051.52,-721.4400000000023
2019-03-31,Sales sweep deposit,4041.85,0.0,CHK-001,4041.85,3320.4100000000035
2019-04-01,Store & warehouse rent,0.0,18500.0,CHK-001,-18500.0,-15179.589999999997
2019-04-02,Sales sweep deposit,4427.51,0.0,CHK-001,4427.51,-10752.080000000002
2019-04-05,Sales sweep deposit,3494.63,0.0,CHK-001,3494.63,-7257.449999999997
2019-04-09,Sales sweep deposit,4981.21,0.0,CHK-001,4981.21,-2276.2400000000052
2019-04-10,Utilities (power/water/internet),0.0,2265.48,CHK-001,-2265.48,-4541.720000000001
2019-04-11,Payroll,0.0,12915.73,CHK-001,-12915.73,-17457.449999999997
2019-04-12,Sales sweep deposit,4093.61,0.0,CHK-001,4093.61,-13363.839999999997
2019-04-14,Sales sweep deposit,4510.62,0.0,CHK-001,4510.62,-8853.220000000001
2019-04-15,Inventory supplier payment,0.0,10166.98,CHK-001,-10166.98,-19020.199999999997
2019-04-15,Misc operating expense,0.0,869.46,CHK-001,-869.46,-19889.660000000003
2019-04-16,Sales sweep deposit,3640.97,0.0,CHK-001,3640.97,-16248.690000000002
2019-04-19,Sales sweep deposit,4117.25,0.0,CHK-001,4117.25,-12131.440000000002
2019-04-21,Sales sweep deposit,4078.25,0.0,CHK-001,4078.25,-8053.190000000002
2019-04-23,Sales sweep deposit,3664.65,0.0,CHK-001,3664.65,-4388.540000000008
2019-04-25,Payroll,0.0,12503.73,CHK-001,-12503.73,-16892.270000000004
2019-04-26,Sales sweep deposit,4840.96,0.0,CHK-001,4840.96,-12051.309999999998
2019-04-28,Inventory supplier payment,0.0,9426.95,CHK-001,-9426.95,-21478.26000000001
2019-04-30,Sales sweep deposit,3985.11,0.0,CHK-001,3985.11,-17493.15000000001
2019-05-01,Store & warehouse rent,0.0,18500.0,CHK-001,-18500.0,-35993.149999999994
2019-05-03,Sales sweep deposit,4027.69,0.0,CHK-001,4027.69,-31965.460000000006
2019-05-07,Sales sweep deposit,4813.03,0.0,CHK-001,4813.03,-27152.430000000008
2019-05-08,Misc operating expense,0.0,521.99,CHK-001,-521.99,-27674.42
2019-05-09,Payroll,0.0,12221.66,CHK-001,-12221.66,-39896.08
2019-05-10,Sales sweep deposit,3682.32,0.0,CHK-001,3682.32,-36213.759999999995
2019-05-10,Utilities (power/water/internet),0.0,2336.74,CHK-001,-2336.74,-38550.5
2019-05-12,Sales sweep deposit,4096.74,0.0,CHK-001,4096.74,-34453.76000000001
2019-05-14,Sales sweep deposit,4300.34,0.0,CHK-001,4300.34,-30153.42
2019-05-15,Inventory supplier payment,0.0,7922.06,CHK-001,-7922.06,-38075.479999999996
2019-05-17,Sales sweep deposit,4354.55,0.0,CHK-001,4354.55,-33720.93000000001
2019-05-21,Sales sweep deposit,4837.42,0.0,CHK-001,4837.42,-28883.51000000001
2019-05-23,Payroll,0.0,11584.21,CHK-001,-11584.21,-40467.72
2019-05-24,Sales sweep deposit,3716.31,0.0,CHK-001,3716.31,-36751.41
2019-05-28,Inventory supplier payment,0.0,9658.48,CHK-001,-9658.48,-46409.89
2019-05-28,Sales sweep deposit,4779.15,0.0,CHK-001,4779.15,-41630.740000000005
2019-05-31,Sales sweep deposit,4057.52,0.0,CHK-001,4057.52,-37573.22
2019-06-03,Store & warehouse rent,0.0,18500.0,CHK-001,-18500.0,-56073.22
2019-06-04,Sales sweep deposit,4264.15,0.0,CHK-001,4264.15,-51809.07000000001
2019-06-06,Payroll,0.0,13069.93,CHK-001,-13069.93,-64879.0
2019-06-07,Sales sweep deposit,4712.5,0.0,CHK-001,4712.5,-60166.5
2019-06-10,Utilities (power/water/internet),0.0,2090.62,CHK-001,-2090.62,-62257.119999999995
2019-06-11,Sales sweep deposit,4390.32,0.0,CHK-001,4390.32,-57866.79999999999
2019-06-14,Sales sweep deposit,4434.06,0.0,CHK-001,4434.06,-53432.740000000005
2019-06-15,Inventory supplier payment,0.0,8173.98,CHK-001,-8173.98,-61606.72
2019-06-18,Sales sweep deposit,4012.28,0.0,CHK-001,4012.28,-57594.44
2019-06-20,Payroll,0.0,11334.74,CHK-001,-11334.74,-68929.18
2019-06-21,Sales sweep deposit,4464.43,0.0,CHK-001,4464.43,-64464.75
2019-06-24,Misc operating expense,0.0,935.31,CHK-001,-935.31,-65400.06
2019-06-25,Sales sweep deposit,4976.49,0.0,CHK-001,4976.49,-60423.57000000001
2019-06-28,Inventory supplier payment,0.0,8293.39,CHK-001,-8293.39,-68716.95999999999
2019-06-28,Sales sweep deposit,3787.87,0.0,CHK-001,3787.87,-64929.09
2019-06-30,Sales sweep deposit,4601.29,0.0,CHK-001,4601.29,-60327.79999999999
2019-07-01,Store & warehouse rent,0.0,18500.0,CHK-001,-18500.0,-78827.79999999999
2019-07-02,Sales sweep deposit,3810.62,0.0,CHK-001,3810.62,-75017.18
2019-07-04,Payroll,0.0,12093.77,CHK-001,-12093.77,-87110.95000000001
2019-07-05,Sales sweep deposit,4748.42,0.0,CHK-001,4748.42,-82362.53
2019-07-09,Sales sweep deposit,3667.4,0.0,CHK-001,3667.4,-78695.13
2019-07-10,Utilities (power/water/internet),0.0,2346.01,CHK-001,-2346.01,-81041.14000000001
2019-07-12,Sales sweep deposit,3497.89,0.0,CHK-001,3497.89,-77543.25
2019-07-14,Sales sweep deposit,4958.79,0.0,CHK-001,4958.79,-72584.45999999999
2019-07-15,Inventory supplier payment,0.0,8690.57,CHK-001,-8690.57,-81275.03
2019-07-16,Sales sweep deposit,3813.3,0.0,CHK-001,3813.3,-77461.73000000001
2019-07-18,Payroll,0.0,13124.26,CHK-001,-13124.26,-90585.98999999999
2019-07-19,Sales sweep deposit,4444.58,0.0,CHK-001,4444.58,-86141.41
2019-07-21,Sales sweep deposit,3656.97,0.0,CHK-001,3656.97,-82484.44
2019-07-23,Refunds / chargeback reversal,77.14,0.0,CHK-001,77.14,-82407.29999999999
2019-07-23,Sales sweep deposit,5021.83,0.0,CHK-001,5021.83,-77385.47
2019-07-26,Sales sweep deposit,4696.65,0.0,CHK-001,4696.65,-72688.82
2019-07-28,Inventory supplier payment,0.0,7899.6,CHK-001,-7899.6,-80588.42000000001
2019-07-30,Sales sweep deposit,4692.65,0.0,CHK-001,4692.65,-75895.76999999999
2019-08-01,Payroll,0.0,11814.1,CHK-001,-11814.1,-87709.87
2019-08-01,Store & warehouse rent,0.0,18500.0,CHK-001,-18500.0,-106209.87
2019-08-02,Sales sweep deposit,4669.61,0.0,CHK-001,4669.61,-101540.26000000001
2019-08-06,Sales sweep deposit,3987.48,0.0,CHK-001,3987.48,-97552.78
2019-08-09,Sales sweep deposit,4739.65,0.0,CHK-001,4739.65,-92813.13
2019-08-11,Sales sweep deposit,5397.8,0.0,CHK-001,5397.8,-87415.33000000002
2019-08-13,Sales sweep deposit,5232.35,0.0,CHK-001,5232.35,-82182.98000000001
2019-08-15,Inventory supplier payment,0.0,9431.1,CHK-001,-9431.1,-91614.08000000002
2019-08-15,Payroll,0.0,12799.67,CHK-001,-12799.67,-104413.75
2019-08-16,Sales sweep deposit,4816.11,0.0,CHK-001,4816.11,-99597.64000000001
2019-08-20,Sales sweep deposit,4112.65,0.0,CHK-001,4112.65,-95484.98999999999
2019-08-21,Misc operating expense,0.0,329.21,CHK-001,-329.21,-95814.20000000001
2019-08-23,Sales sweep deposit,4579.46,0.0,CHK-001,4579.46,-91234.73999999999
2019-08-27,Sales sweep deposit,4332.51,0.0,CHK-001,4332.51,-86902.23000000001
2019-08-28,Inventory supplier payment,0.0,9839.87,CHK-001,-9839.87,-96742.1
2019-08-29,Payroll,0.0,13095.49,CHK-001,-13095.49,-109837.59
2019-08-30,Sales sweep deposit,5210.65,0.0,CHK-001,5210.65,-104626.94
2019-09-01,Sales sweep deposit,4745.98,0.0,CHK-001,4745.98,-99880.95999999999
2019-09-02,Store & warehouse rent,0.0,18500.0,CHK-001,-18500.0,-118380.95999999999
2019-09-03,Sales sweep deposit,4862.83,0.0,CHK-001,4862.83,-113518.13
2019-09-03,Store & warehouse rent,0.0,18500.0,CHK-001,-18500.0,-132018.13
2019-09-06,Sales sweep deposit,4693.5,0.0,CHK-001,4693.5,-127324.63
2019-09-10,Sales sweep deposit,5468.91,0.0,CHK-001,5468.91,-121855.72
2019-09-10,Utilities (power/water/internet),0.0,2346.55,CHK-001,-2346.55,-124202.27000000002
2019-09-12,Payroll,0.0,11406.72,CHK-001,-11406.72,-135608.99
2019-09-13,Sales sweep deposit,4358.25,0.0,CHK-001,4358.25,-131250.74
2019-09-15,Inventory supplier payment,0.0,8498.73,CHK-001,-8498.73,-139749.47
2019-09-15,Sales sweep deposit,4761.01,0.0,CHK-001,4761.01,-134988.46
2019-09-17,Sales sweep deposit,5470.58,0.0,CHK-001,5470.58,-129517.88
2019-09-20,Sales sweep deposit,4901.02,0.0,CHK-001,4901.02,-124616.86000000002
2019-09-24,Sales sweep deposit,4840.9,0.0,CHK-001,4840.9,-119775.95999999999
2019-09-26,Payroll,0.0,13157.31,CHK-001,-13157.31,-132933.27000000002
2019-09-27,Sales sweep deposit,4290.66,0.0,CHK-001,4290.66,-128642.61000000002
2019-09-28,Inventory supplier payment,0.0,9181.16,CHK-001,-9181.16,-137823.77000000002
2019-09-30,Misc operating expense,0.0,704.45,CHK-001,-704.45,-138528.22
2019-10-01,Sales sweep deposit,4936.49,0.0,CHK-001,4936.49,-133591.73
2019-10-01,Store & warehouse rent,0.0,18500.0,CHK-001,-18500.0,-152091.73
2019-10-04,Sales sweep deposit,3505.39,0.0,CHK-001,3505.39,-148586.34
2019-10-08,Sales sweep deposit,4645.11,0.0,CHK-001,4645.11,-143941.23
2019-10-09,Misc operating expense,0.0,1589.76,CHK-001,-1589.76,-145530.99
2019-10-10,Payroll,0.0,11976.95,CHK-001,-11976.95,-157507.94
2019-10-10,Utilities (power/water/internet),0.0,2179.49,CHK-001,-2179.49,-159687.43
2019-10-11,Sales sweep deposit,3445.97,0.0,CHK-001,3445.97,-156241.46
2019-10-13,Sales sweep deposit,4650.09,0.0,CHK-001,4650.09,-151591.37
2019-10-15,Inventory supplier payment,0.0,7835.23,CHK-001,-7835.23,-159426.6
2019-10-15,Sales sweep deposit,4023.11,0.0,CHK-001,4023.11,-155403.49
2019-10-18,Sales sweep deposit,3563.56,0.0,CHK-001,3563.56,-151839.93
2019-10-22,Sales sweep deposit,4649.48,0.0,CHK-001,4649.48,-147190.45
2019-10-24,Payroll,0.0,12233.27,CHK-001,-12233.27,-159423.72
2019-10-25,Sales sweep deposit,4027.29,0.0,CHK-001,4027.29,-155396.43
2019-10-28,Inventory supplier payment,0.0,10282.81,CHK-001,-10282.81,-165679.24
2019-10-29,Sales sweep deposit,3450.85,0.0,CHK-001,3450.85,-162228.39
2019-11-01,Sales sweep deposit,5649.59,0.0,CHK-001,5649.59,-156578.80000000002
2019-11-01,Store & warehouse rent,0.0,18500.0,CHK-001,-18500.0,-175078.8
2019-11-05,Sales sweep deposit,4105.14,0.0,CHK-001,4105.14,-170973.66
2019-11-07,Payroll,0.0,10804.06,CHK-001,-10804.06,-181777.72
2019-11-08,Sales sweep deposit,4883.59,0.0,CHK-001,4883.59,-176894.13
2019-11-12,Sales sweep deposit,5881.68,0.0,CHK-001,5881.68,-171012.45
2019-11-15,Inventory supplier payment,0.0,11401.98,CHK-001,-11401.98,-182414.43
2019-11-15,Sales sweep deposit,6057.26,0.0,CHK-001,6057.26,-176357.17
2019-11-17,Sales sweep deposit,5117.68,0.0,CHK-001,5117.68,-171239.49
2019-11-19,Sales sweep deposit,4461.75,0.0,CHK-001,4461.75,-166777.74
2019-11-21,Payroll,0.0,11728.87,CHK-001,-11728.87,-178506.61
2019-11-22,Sales sweep deposit,4178.56,0.0,CHK-001,4178.56,-174328.05
2019-11-26,Sales sweep deposit,5457.7,0.0,CHK-001,5457.7,-168870.35
2019-11-28,Inventory supplier payment,0.0,10751.24,CHK-001,-10751.24,-179621.59
2019-11-29,Sales sweep deposit,4511.5,0.0,CHK-001,4511.5,-175110.09
2019-12-02,Store & warehouse rent,0.0,18500.0,CHK-001,-18500.0,-193610.09000000003
2019-12-03,Sales sweep deposit,4932.97,0.0,CHK-001,4932.97,-188677.12
2019-12-03,Store & warehouse rent,0.0,18500.0,CHK-001,-18500.0,-207177.12
2019-12-05,Payroll,0.0,10944.49,CHK-001,-10944.49,-218121.61
2019-12-06,Sales sweep deposit,4904.61,0.0,CHK-001,4904.61,-213217.0
2019-12-10,Sales sweep deposit,4309.68,0.0,CHK-001,4309.68,-208907.32
2019-12-10,Utilities (power/water/internet),0.0,2097.62,CHK-001,-2097.62,-211004.94
2019-12-13,Sales sweep deposit,5162.43,0.0,CHK-001,5162.43,-205842.51
2019-12-15,Inventory supplier payment,0.0,11192.22,CHK-001,-11192.22,-217034.72999999998
2019-12-17,Sales sweep deposit,5848.37,0.0,CHK-001,5848.37,-211186.36
2019-12-19,Payroll,0.0,12269.17,CHK-001,-12269.17,-223455.53000000003
2019-12-20,Sales sweep deposit,4750.84,0.0,CHK-001,4750.84,-218704.69
2019-12-23,Misc operating expense,0.0,1536.41,CHK-001,-1536.41,-220241.09999999998
2019-12-24,Sales sweep deposit,5763.52,0.0,CHK-001,5763.52,-214477.58000000002
2019-12-27,Sales sweep deposit,4204.77,0.0,CHK-001,4204.77,-210272.81
2019-12-28,Inventory supplier payment,0.0,9643.9,CHK-001,-9643.9,-219916.71000000002
2019-12-31,Sales sweep deposit,4762.51,0.0,CHK-001,4762.51,-215154.2
2020-01-01,Store & warehouse rent,0.0,18685.0,CHK-001,-18685.0,-233839.2
2020-01-02,Payroll,0.0,9918.45,CHK-001,-9918.45,-243757.65000000002
2020-01-03,Sales sweep deposit,3856.64,0.0,CHK-001,3856.64,-239901.01
2020-01-07,Sales sweep deposit,3477.14,0.0,CHK-001,3477.14,-236423.87
2020-01-10,Sales sweep deposit,3627.31,0.0,CHK-001,3627.31,-232796.56
2020-01-10,Utilities (power/water/internet),0.0,2392.76,CHK-001,-2392.76,-235189.32
2020-01-12,Sales sweep deposit,3500.72,0.0,CHK-001,3500.72,-231688.59999999998
2020-01-14,Sales sweep deposit,2699.86,0.0,CHK-001,2699.86,-228988.74
2020-01-15,Inventory supplier payment,0.0,7526.39,CHK-001,-7526.39,-236515.13
2020-01-16,Payroll,0.0,11190.77,CHK-001,-11190.77,-247705.90000000002
2020-01-17,Sales sweep deposit,3332.06,0.0,CHK-001,3332.06,-244373.84000000003
2020-01-21,Sales sweep deposit,3855.55,0.0,CHK-001,3855.55,-240518.28999999998
2020-01-24,Sales sweep deposit,3075.16,0.0,CHK-001,3075.16,-237443.13
2020-01-28,Inventory supplier payment,0.0,7278.43,CHK-001,-7278.43,-244721.56
2020-01-28,Sales sweep deposit,3046.78,0.0,CHK-001,3046.78,-241674.78000000003
2020-01-30,Payroll,0.0,9625.74,CHK-001,-9625.74,-251300.52000000002
2020-01-31,Sales sweep deposit,3367.38,0.0,CHK-001,3367.38,-247933.14
2020-02-03,Store & warehouse rent,0.0,18685.0,CHK-001,-18685.0,-266618.14
2020-02-04,Sales sweep deposit,3334.41,0.0,CHK-001,3334.41,-263283.73
2020-02-07,Sales sweep deposit,3753.1,0.0,CHK-001,3753.1,-259530.63
2020-02-10,Utilities (power/water/internet),0.0,2346.98,CHK-001,-2346.98,-261877.61
2020-02-11,Sales sweep deposit,3294.08,0.0,CHK-001,3294.08,-258583.53000000003
2020-02-13,Payroll,0.0,11501.88,CHK-001,-11501.88,-270085.41
2020-02-14,Sales sweep deposit,3232.64,0.0,CHK-001,3232.64,-266852.77
2020-02-15,Inventory supplier payment,0.0,6360.72,CHK-001,-6360.72,-273213.49
2020-02-18,Sales sweep deposit,3467.41,0.0,CHK-001,3467.41,-269746.08
2020-02-21,Sales sweep deposit,3944.47,0.0,CHK-001,3944.47,-265801.61
2020-02-25,Sales sweep deposit,3233.4,0.0,CHK-001,3233.4,-262568.21
2020-02-26,Misc operating expense,0.0,447.35,CHK-001,-447.35,-263015.56
2020-02-27,Payroll,0.0,10228.15,CHK-001,-10228.15,-273243.71
2020-02-28,Inventory supplier payment,0.0,7441.0,CHK-001,-7441.0,-280684.71
2020-02-28,Sales sweep deposit,3225.94,0.0,CHK-001,3225.94,-277458.77
2020-03-02,Store & warehouse rent,0.0,18685.0,CHK-001,-18685.0,-296143.77
2020-03-03,Sales sweep deposit,3908.05,0.0,CHK-001,3908.05,-292235.72
2020-03-03,Store & warehouse rent,0.0,18685.0,CHK-001,-18685.0,-310920.72
2020-03-04,Misc operating expense,0.0,1079.93,CHK-001,-1079.93,-312000.65
2020-03-06,Sales sweep deposit,2728.94,0.0,CHK-001,2728.94,-309271.71
2020-03-10,Sales sweep deposit,3199.13,0.0,CHK-001,3199.13,-306072.58
2020-03-10,Utilities (power/water/internet),0.0,2229.88,CHK-001,-2229.88,-308302.46
2020-03-11,Misc operating expense,0.0,1457.23,CHK-001,-1457.23,-309759.69
2020-03-12,Payroll,0.0,10623.2,CHK-001,-10623.2,-320382.89
2020-03-13,Sales sweep deposit,3085.91,0.0,CHK-001,3085.91,-317296.98
2020-03-15,Inventory supplier payment,0.0,7775.62,CHK-001,-7775.62,-325072.6
2020-03-17,Sales sweep deposit,3623.74,0.0,CHK-001,3623.74,-321448.86
2020-03-20,Sales sweep deposit,3402.78,0.0,CHK-001,3402.78,-318046.08
2020-03-24,Sales sweep deposit,3444.91,0.0,CHK-001,3444.91,-314601.17
2020-03-26,Payroll,0.0,10548.15,CHK-001,-10548.15,-325149.32
2020-03-27,Refunds / chargeback reversal,78.35,0.0,CHK-001,78.35,-325070.97000000003
2020-03-27,Sales sweep deposit,3081.84,0.0,CHK-001,3081.84,-321989.13
2020-03-28,Inventory supplier payment,0.0,6100.22,CHK-001,-6100.22,-328089.35
2020-03-29,Sales sweep deposit,2681.38,0.0,CHK-001,2681.38,-325407.97000000003
2020-03-30,Misc operating expense,0.0,1435.19,CHK-001,-1435.19,-326843.16
2020-03-31,Sales sweep deposit,3423.56,0.0,CHK-001,3423.56,-323419.6
2020-04-01,Store & warehouse rent,0.0,18685.0,CHK-001,-18685.0,-342104.6
2020-04-03,Sales sweep deposit,3664.97,0.0,CHK-001,3664.97,-338439.63
2020-04-07,Sales sweep deposit,3605.42,0.0,CHK-001,3605.42,-334834.21
2020-04-09,Payroll,0.0,11346.66,CHK-001,-11346.66,-346180.87
2020-04-10,Sales sweep deposit,2647.62,0.0,CHK-001,2647.62,-343533.25
2020-04-10,Utilities (power/water/internet),0.0,2357.49,CHK-001,-2357.49,-345890.74
2020-04-14,Sales sweep deposit,3202.71,0.0,CHK-001,3202.71,-342688.03
2020-04-15,Inventory supplier payment,0.0,7099.59,CHK-001,-7099.59,-349787.62
2020-04-17,Sales sweep deposit,3341.34,0.0,CHK-001,3341.34,-346446.28
2020-04-21,Sales sweep deposit,2749.39,0.0,CHK-001,2749.39,-343696.89
2020-04-23,Payroll,0.0,9918.47,CHK-001,-9918.47,-353615.36
2020-04-24,Sales sweep deposit,3367.65,0.0,CHK-001,3367.65,-350247.71
2020-04-28,Inventory supplier payment,0.0,7305.05,CHK-001,-7305.05,-357552.76
2020-04-28,Sales sweep deposit,3241.29,0.0,CHK-001,3241.29,-354311.47000000003
2020-05-01,Sales sweep deposit,2931.2,0.0,CHK-001,2931.2,-351380.27
2020-05-01,Store & warehouse rent,0.0,18685.0,CHK-001,-18685.0,-370065.27
2020-05-05,Sales sweep deposit,2940.52,0.0,CHK-001,2940.52,-367124.75
2020-05-07,Payroll,0.0,11575.84,CHK-001,-11575.84,-378700.59
2020-05-07,Refunds / chargeback reversal,395.75,0.0,CHK-001,395.75,-378304.84
2020-05-08,Sales sweep deposit,3366.06,0.0,CHK-001,3366.06,-374938.78
2020-05-10,Sales sweep deposit,2999.6,0.0,CHK-001,2999.6,-371939.18
2020-05-12,Sales sweep deposit,2663.71,0.0,CHK-001,2663.71,-369275.47000000003
2020-05-15,Inventory supplier payment,0.0,8140.55,CHK-001,-8140.55,-377416.02
2020-05-15,Sales sweep deposit,3342.7,0.0,CHK-001,3342.7,-374073.32
2020-05-18,Misc operating expense,0.0,1570.77,CHK-001,-1570.77,-375644.09
2020-05-19,Sales sweep deposit,2746.96,0.0,CHK-001,2746.96,-372897.13
2020-05-21,Payroll,0.0,11488.16,CHK-001,-11488.16,-384385.29
2020-05-22,Sales sweep deposit,2808.65,0.0,CHK-001,2808.65,-381576.64
2020-05-26,Sales sweep deposit,3031.25,0.0,CHK-001,3031.25,-378545.39
2020-05-28,Inventory supplier payment,0.0,6462.51,CHK-001,-6462.51,-385007.9
2020-05-29,Sales sweep deposit,3329.65,0.0,CHK-001,3329.65,-381678.25
2020-05-31,Sales sweep deposit,3508.11,0.0,CHK-001,3508.11,-378170.14
2020-06-01,Misc operating expense,0.0,1011.03,CHK-001,-1011.03,-379181.17
2020-06-01,Store & warehouse rent,0.0,18685.0,CHK-001,-18685.0,-397866.17
2020-06-02,Sales sweep deposit,3856.25,0.0,CHK-001,3856.25,-394009.92
2020-06-04,Payroll,0.0,10817.5,CHK-001,-10817.5,-404827.42
2020-06-05,Sales sweep deposit,3742.49,0.0,CHK-001,3742.49,-401084.93
2020-06-09,Sales sweep deposit,3569.07,0.0,CHK-001,3569.07,-397515.86
2020-06-10,Utilities (power/water/internet),0.0,2389.57,CHK-001,-2389.57,-399905.43
2020-06-12,Sales sweep deposit,2742.15,0.0,CHK-001,2742.15,-397163.28
2020-06-15,Inventory supplier payment,0.0,7006.75,CHK-001,-7006.75,-404170.03
2020-06-16,Sales sweep deposit,3671.86,0.0,CHK-001,3671.86,-400498.17
2020-06-18,Payroll,0.0,10606.37,CHK-001,-10606.37,-411104.54
2020-06-19,Sales sweep deposit,3767.26,0.0,CHK-001,3767.26,-407337.28
2020-06-21,Sales sweep deposit,3550.79,0.0,CHK-001,3550.79,-403786.49
2020-06-23,Sales sweep deposit,3706.16,0.0,CHK-001,3706.16,-400080.33
2020-06-26,Sales sweep deposit,3706.02,0.0,CHK-001,3706.02,-396374.31
2020-06-28,Inventory supplier payment,0.0,6394.96,CHK-001,-6394.96,-402769.27
2020-06-29,Misc operating expense,0.0,1094.17,CHK-001,-1094.17,-403863.44
2020-06-30,Sales sweep deposit,2888.12,0.0,CHK-001,2888.12,-400975.32
2020-07-01,Store & warehouse rent,0.0,18685.0,CHK-001,-18685.0,-419660.32
2020-07-02,Payroll,0.0,10999.65,CHK-001,-10999.65,-430659.97000000003
2020-07-03,Sales sweep deposit,3945.3,0.0,CHK-001,3945.3,-426714.67
2020-07-07,Sales sweep deposit,3135.89,0.0,CHK-001,3135.89,-423578.78
2020-07-10,Sales sweep deposit,3695.72,0.0,CHK-001,3695.72,-419883.06
2020-07-10,Utilities (power/water/internet),0.0,2263.14,CHK-001,-2263.14,-422146.2
2020-07-11,Refunds / chargeback reversal,244.05,0.0,CHK-001,244.05,-421902.15
2020-07-14,Sales sweep deposit,3740.9,0.0,CHK-001,3740.9,-418161.25
2020-07-15,Inventory supplier payment,0.0,6878.81,CHK-001,-6878.81,-425040.06
2020-07-15,Refunds / chargeback reversal,151.17,0.0,CHK-001,151.17,-424888.89
2020-07-16,Payroll,0.0,9771.54,CHK-001,-9771.54,-434660.43
2020-07-17,Sales sweep deposit,2774.93,0.0,CHK-001,2774.93,-431885.5
2020-07-20,Misc operating expense,0.0,626.83,CHK-001,-626.83,-432512.33
2020-07-21,Sales sweep deposit,3579.97,0.0,CHK-001,3579.97,-428932.36
2020-07-24,Sales sweep deposit,3030.24,0.0,CHK-001,3030.24,-425902.12
2020-07-28,Inventory supplier payment,0.0,7963.01,CHK-001,-7963.01,-433865.13
2020-07-28,Sales sweep deposit,3874.6,0.0,CHK-001,3874.6,-429990.53
2020-07-30,Payroll,0.0,11322.49,CHK-001,-11322.49,-441313.02
2020-07-31,Sales sweep deposit,3438.52,0.0,CHK-001,3438.52,-437874.5
2020-08-03,Store & warehouse rent,0.0,18685.0,CHK-001,-18685.0,-456559.5
2020-08-04,Refunds / chargeback reversal,352.86,0.0,CHK-001,352.86,-456206.64
2020-08-04,Sales sweep deposit,4198.38,0.0,CHK-001,4198.38,-452008.26
2020-08-07,Sales sweep deposit,3515.86,0.0,CHK-001,3515.86,-448492.4
2020-08-10,Utilities (power/water/internet),0.0,2314.78,CHK-001,-2314.78,-450807.18000000005
2020-08-11,Sales sweep deposit,3520.23,0.0,CHK-001,3520.23,-447286.95
2020-08-13,Payroll,0.0,11094.8,CHK-001,-11094.8,-458381.75
2020-08-14,Sales sweep deposit,3619.43,0.0,CHK-001,3619.43,-454762.32000000007
2020-08-15,Inventory supplier payment,0.0,7032.81,CHK-001,-7032.81,-461795.13
2020-08-16,Sales sweep deposit,3415.3,0.0,CHK-001,3415.3,-458379.82999999996
2020-08-18,Sales sweep deposit,3553.8,0.0,CHK-001,3553.8,-454826.03
2020-08-19,Misc operating expense,0.0,982.74,CHK-001,-982.74,-455808.77
2020-08-21,Sales sweep deposit,3394.35,0.0,CHK-001,3394.35,-452414.42000000004
2020-08-25,Sales sweep deposit,2987.88,0.0,CHK-001,2987.88,-449426.54000000004
2020-08-27,Payroll,0.0,11676.91,CHK-001,-11676.91,-461103.44999999995
2020-08-28,Inventory supplier payment,0.0,7213.22,CHK-001,-7213.22,-468316.67000000004
2020-08-28,Sales sweep deposit,3512.75,0.0,CHK-001,3512.75,-464803.92000000004
2020-09-01,Sales sweep deposit,3296.69,0.0,CHK-001,3296.69,-461507.23
2020-09-01,Store & warehouse rent,0.0,18685.0,CHK-001,-18685.0,-480192.23
2020-09-04,Sales sweep deposit,3674.01,0.0,CHK-001,3674.01,-476518.22
2020-09-08,Sales sweep deposit,2940.0,0.0,CHK-001,2940.0,-473578.22
2020-09-10,Payroll,0.0,11697.35,CHK-001,-11697.35,-485275.57000000007
2020-09-10,Utilities (power/water/internet),0.0,2383.57,CHK-001,-2383.57,-487659.14
2020-09-11,Sales sweep deposit,3995.31,0.0,CHK-001,3995.31,-483663.82999999996
2020-09-15,Inventory supplier payment,0.0,7272.59,CHK-001,-7272.59,-490936.42000000004
2020-09-15,Sales sweep deposit,4065.97,0.0,CHK-001,4065.97,-486870.44999999995
2020-09-18,Sales sweep deposit,3704.51,0.0,CHK-001,3704.51,-483165.94000000006
2020-09-22,Sales sweep deposit,3466.39,0.0,CHK-001,3466.39,-479699.55000000005
2020-09-24,Payroll,0.0,11674.45,CHK-001,-11674.45,-491374.0
2020-09-25,Sales sweep deposit,3952.65,0.0,CHK-001,3952.65,-487421.35
2020-09-28,Inventory supplier payment,0.0,7830.76,CHK-001,-7830.76,-495252.11
2020-09-29,Sales sweep deposit,4099.01,0.0,CHK-001,4099.01,-491153.1
2020-09-30,Misc operating expense,0.0,1357.8,CHK-001,-1357.8,-492510.9
2020-10-01,Store & warehouse rent,0.0,18685.0,CHK-001,-18685.0,-511195.9
2020-10-02,Refunds / chargeback reversal,75.84,0.0,CHK-001,75.84,-511120.06000000006
2020-10-02,Sales sweep deposit,3077.34,0.0,CHK-001,3077.34,-508042.72
2020-10-05,Misc operating expense,0.0,472.52,CHK-001,-472.52,-508515.24
2020-10-06,Sales sweep deposit,3832.93,0.0,CHK-001,3832.93,-504682.31000000006
2020-10-08,Payroll,0.0,10438.46,CHK-001,-10438.46,-515120.77
2020-10-09,Sales sweep deposit,2700.52,0.0,CHK-001,2700.52,-512420.25
2020-10-13,Sales sweep deposit,3791.07,0.0,CHK-001,3791.07,-508629.18000000005
2020-10-15,Inventory supplier payment,0.0,7259.55,CHK-001,-7259.55,-515888.73
2020-10-16,Sales sweep deposit,3879.72,0.0,CHK-001,3879.72,-512009.01
2020-10-20,Sales sweep deposit,3269.4,0.0,CHK-001,3269.4,-508739.61
2020-10-22,Payroll,0.0,11003.72,CHK-001,-11003.72,-519743.32999999996
2020-10-23,Sales sweep deposit,3644.13,0.0,CHK-001,3644.13,-516099.19999999995
2020-10-25,Refunds / chargeback reversal,261.73,0.0,CHK-001,261.73,-515837.47
2020-10-27,Sales sweep deposit,3525.45,0.0,CHK-001,3525.45,-512312.02
2020-10-28,Inventory supplier payment,0.0,6246.16,CHK-001,-6246.16,-518558.18000000005
2020-10-30,Sales sweep deposit,3332.71,0.0,CHK-001,3332.71,-515225.47
2020-11-01,Sales sweep deposit,4760.17,0.0,CHK-001,4760.17,-510465.30000000005
2020-11-02,Store & warehouse rent,0.0,18685.0,CHK-001,-18685.0,-529150.3
2020-11-03,Sales sweep deposit,3809.88,0.0,CHK-001,3809.88,-525340.42
2020-11-03,Store & warehouse rent,0.0,18685.0,CHK-001,-18685.0,-544025.42
2020-11-05,Payroll,0.0,10072.27,CHK-001,-10072.27,-554097.6900000001
2020-11-06,Sales sweep deposit,4461.21,0.0,CHK-001,4461.21,-549636.48
2020-11-08,Sales sweep deposit,3285.07,0.0,CHK-001,3285.07,-546351.41
2020-11-10,Sales sweep deposit,4831.45,0.0,CHK-001,4831.45,-541519.96
2020-11-10,Utilities (power/water/internet),0.0,2193.29,CHK-001,-2193.29,-543713.25
2020-11-13,Sales sweep deposit,3667.47,0.0,CHK-001,3667.47,-540045.78
2020-11-15,Inventory supplier payment,0.0,7665.31,CHK-001,-7665.31,-547711.09
2020-11-17,Sales sweep deposit,3302.07,0.0,CHK-001,3302.07,-544409.02
2020-11-19,Payroll,0.0,11459.43,CHK-001,-11459.43,-555868.45
2020-11-20,Sales sweep deposit,4805.99,0.0,CHK-001,4805.99,-551062.46
2020-11-24,Sales sweep deposit,4523.07,0.0,CHK-001,4523.07,-546539.39
2020-11-27,Sales sweep deposit,3369.68,0.0,CHK-001,3369.68,-543169.71
2020-11-28,Inventory supplier payment,0.0,8269.8,CHK-001,-8269.8,-551439.51
2020-12-01,Sales sweep deposit,4279.49,0.0,CHK-001,4279.49,-547160.02
2020-12-01,Store & warehouse rent,0.0,18685.0,CHK-001,-18685.0,-565845.02
2020-12-03,Payroll,0.0,10715.48,CHK-001,-10715.48,-576560.5
2020-12-04,Sales sweep deposit,4565.7,0.0,CHK-001,4565.7,-571994.8
2020-12-08,Sales sweep deposit,4452.3,0.0,CHK-001,4452.3,-567542.5
2020-12-10,Utilities (power/water/internet),0.0,2207.41,CHK-001,-2207.41,-569749.91
2020-12-11,Sales sweep deposit,3973.55,0.0,CHK-001,3973.55,-565776.36
2020-12-15,Inventory supplier payment,0.0,7789.74,CHK-001,-7789.74,-573566.1
2020-12-15,Sales sweep deposit,4833.27,0.0,CHK-001,4833.27,-568732.83
2020-12-17,Payroll,0.0,11038.36,CHK-001,-11038.36,-579771.1900000001
2020-12-18,Sales sweep deposit,4523.32,0.0,CHK-001,4523.32,-575247.87
2020-12-22,Sales sweep deposit,4097.53,0.0,CHK-001,4097.53,-571150.34
2020-12-25,Sales sweep deposit,4607.02,0.0,CHK-001,4607.02,-566543.32
2020-12-28,Inventory supplier payment,0.0,9834.0,CHK-001,-9834.0,-576377.3200000001
2020-12-29,Sales sweep deposit,4452.89,0.0,CHK-001,4452.89,-571924.43
2020-12-31,Payroll,0.0,10059.12,CHK-001,-10059.12,-581983.55
2020-12-31,Refunds / chargeback reversal,301.22,0.0,CHK-001,301.22,-581682.33
2021-01-01,Sales sweep deposit,4619.21,0.0,CHK-001,4619.21,-577063.12
2021-01-01,Store & warehouse rent,0.0,19240.0,CHK-001,-19240.0,-596303.12
2021-01-03,Sales sweep deposit,3752.48,0.0,CHK-001,3752.48,-592550.64
2021-01-05,Sales sweep deposit,3448.07,0.0,CHK-001,3448.07,-589102.57
2021-01-06,Misc operating expense,0.0,633.09,CHK-001,-633.09,-589735.66
2021-01-08,Sales sweep deposit,4322.46,0.0,CHK-001,4322.46,-585413.2
2021-01-10,Refunds / chargeback reversal,142.7,0.0,CHK-001,142.7,-585270.5
2021-01-12,Sales sweep deposit,3173.77,0.0,CHK-001,3173.77,-582096.73
2021-01-14,Payroll,0.0,10081.18,CHK-001,-10081.18,-592177.91
2021-01-15,Inventory supplier payment,0.0,9214.49,CHK-001,-9214.49,-601392.4
2021-01-15,Sales sweep deposit,4158.09,0.0,CHK-001,4158.09,-597234.31
2021-01-19,Sales sweep deposit,3454.44,0.0,CHK-001,3454.44,-593779.87
2021-01-22,Sales sweep deposit,3468.74,0.0,CHK-001,3468.74,-590311.13
2021-01-26,Sales sweep deposit,4602.59,0.0,CHK-001,4602.59,-585708.54
2021-01-28,Inventory supplier payment,0.0,8620.0,CHK-001,-8620.0,-594328.54
2021-01-28,Payroll,0.0,11539.1,CHK-001,-11539.1,-605867.64
2021-01-29,Sales sweep deposit,3962.04,0.0,CHK-001,3962.04,-601905.6
2021-01-31,Sales sweep deposit,4453.45,0.0,CHK-001,4453.45,-597452.15
2021-02-01,Store & warehouse rent,0.0,19240.0,CHK-001,-19240.0,-616692.15
2021-02-02,Sales sweep deposit,3408.82,0.0,CHK-001,3408.82,-613283.33
2021-02-03,Misc operating expense,0.0,509.12,CHK-001,-509.12,-613792.45
2021-02-05,Sales sweep deposit,3161.77,0.0,CHK-001,3161.77,-610630.68
2021-02-08,Refunds / chargeback reversal,172.59,0.0,CHK-001,172.59,-610458.09
2021-02-09,Sales sweep deposit,4699.06,0.0,CHK-001,4699.06,-605759.03
2021-02-10,Utilities (power/water/internet),0.0,2325.96,CHK-001,-2325.96,-608084.99
2021-02-11,Payroll,0.0,10233.58,CHK-001,-10233.58,-618318.5700000001
2021-02-11,Refunds / chargeback reversal,191.35,0.0,CHK-001,191.35,-618127.22
2021-02-12,Sales sweep deposit,4607.43,0.0,CHK-001,4607.43,-613519.79
2021-02-15,Inventory supplier payment,0.0,9265.77,CHK-001,-9265.77,-622785.56
2021-02-16,Sales sweep deposit,4390.8,0.0,CHK-001,4390.8,-618394.76
2021-02-19,Sales sweep deposit,3954.78,0.0,CHK-001,3954.78,-614439.98
2021-02-23,Sales sweep deposit,3388.01,0.0,CHK-001,3388.01,-611051.97
2021-02-25,Payroll,0.0,10554.67,CHK-001,-10554.67,-621606.64
2021-02-26,Sales sweep deposit,4084.02,0.0,CHK-001,4084.02,-617522.62
2021-02-28,Inventory supplier payment,0.0,9317.43,CHK-001,-9317.43,-626840.05
2021-03-01,Misc operating expense,0.0,1470.69,CHK-001,-1470.69,-628310.74
2021-03-01,Store & warehouse rent,0.0,19240.0,CHK-001,-19240.0,-647550.74
2021-03-02,Sales sweep deposit,4018.72,0.0,CHK-001,4018.72,-643532.02
2021-03-05,Sales sweep deposit,3423.16,0.0,CHK-001,3423.16,-640108.86
2021-03-07,Sales sweep deposit,3786.13,0.0,CHK-001,3786.13,-636322.73
2021-03-09,Sales sweep deposit,3886.86,0.0,CHK-001,3886.86,-632435.87
2021-03-10,Misc operating expense,0.0,1170.33,CHK-001,-1170.33,-633606.2
2021-03-10,Utilities (power/water/internet),0.0,2430.15,CHK-001,-2430.15,-636036.35
2021-03-11,Payroll,0.0,10715.37,CHK-001,-10715.37,-646751.72
2021-03-12,Sales sweep deposit,3335.56,0.0,CHK-001,3335.56,-643416.16
2021-03-15,Inventory supplier payment,0.0,9560.0,CHK-001,-9560.0,-652976.16
2021-03-16,Sales sweep deposit,3369.78,0.0,CHK-001,3369.78,-649606.38
2021-03-19,Sales sweep deposit,3254.98,0.0,CHK-001,3254.98,-646351.4
2021-03-22,Misc operating expense,0.0,1129.6,CHK-001,-1129.6,-647481.0
2021-03-22,Refunds / chargeback reversal,143.77,0.0,CHK-001,143.77,-647337.23
2021-03-23,Sales sweep deposit,3470.35,0.0,CHK-001,3470.35,-643866.88
2021-03-25,Payroll,0.0,11835.57,CHK-001,-11835.57,-655702.45
2021-03-26,Sales sweep deposit,4064.07,0.0,CHK-001,4064.07,-651638.38
2021-03-28,Inventory supplier payment,0.0,9608.4,CHK-001,-9608.4,-661246.78
2021-03-29,Refunds / chargeback reversal,315.9,0.0,CHK-001,315.9,-660930.88
2021-03-30,Sales sweep deposit,3255.01,0.0,CHK-001,3255.01,-657675.87
2021-04-01,Store & warehouse rent,0.0,19240.0,CHK-001,-19240.0,-676915.87
2021-04-02,Sales sweep deposit,3173.89,0.0,CHK-001,3173.89,-673741.98
2021-04-06,Sales sweep deposit,3194.64,0.0,CHK-001,3194.64,-670547.34
2021-04-08,Payroll,0.0,11417.18,CHK-001,-11417.18,-681964.52
2021-04-09,Sales sweep deposit,3432.11,0.0,CHK-001,3432.11,-678532.41
2021-04-12,Misc operating expense,0.0,287.95,CHK-001,-287.95,-678820.36
2021-04-13,Sales sweep deposit,3384.73,0.0,CHK-001,3384.73,-675435.63
2021-04-14,Misc operating expense,0.0,1475.46,CHK-001,-1475.46,-676911.09
2021-04-15,Inventory supplier payment,0.0,8007.0,CHK-001,-8007.0,-684918.09
2021-04-16,Sales sweep deposit,3714.1,0.0,CHK-001,3714.1,-681203.99
2021-04-18,Sales sweep deposit,3998.26,0.0,CHK-001,3998.26,-677205.73
2021-04-20,Sales sweep deposit,3145.79,0.0,CHK-001,3145.79,-674059.9400000001
2021-04-22,Payroll,0.0,10117.85,CHK-001,-10117.85,-684177.79
2021-04-23,Sales sweep deposit,3781.78,0.0,CHK-001,3781.78,-680396.01
2021-04-25,Sales sweep deposit,3348.6,0.0,CHK-001,3348.6,-677047.41
2021-04-26,Misc operating expense,0.0,447.36,CHK-001,-447.36,-677494.77
2021-04-27,Sales sweep deposit,3743.24,0.0,CHK-001,3743.24,-673751.53
2021-04-28,Inventory supplier payment,0.0,8089.73,CHK-001,-8089.73,-681841.26
2021-04-30,Refunds / chargeback reversal,114.54,0.0,CHK-001,114.54,-681726.72
2021-04-30,Sales sweep deposit,4148.32,0.0,CHK-001,4148.32,-677578.4
2021-05-02,Sales sweep deposit,4315.63,0.0,CHK-001,4315.63,-673262.77
2021-05-03,Store & warehouse rent,0.0,19240.0,CHK-001,-19240.0,-692502.77
2021-05-04,Sales sweep deposit,4299.35,0.0,CHK-001,4299.35,-688203.42
2021-05-06,Payroll,0.0,11976.46,CHK-001,-11976.46,-700179.88
2021-05-07,Sales sweep deposit,3368.51,0.0,CHK-001,3368.51,-696811.37
2021-05-09,Sales sweep deposit,3185.76,0.0,CHK-001,3185.76,-693625.61
2021-05-10,Utilities (power/water/internet),0.0,2274.29,CHK-001,-2274.29,-695899.9
2021-05-11,Sales sweep deposit,3675.14,0.0,CHK-001,3675.14,-692224.76
2021-05-12,Refunds / chargeback reversal,372.61,0.0,CHK-001,372.61,-691852.15
2021-05-14,Sales sweep deposit,4058.0,0.0,CHK-001,4058.0,-687794.15
2021-05-15,Inventory supplier payment,0.0,7658.95,CHK-001,-7658.95,-695453.1
2021-05-17,Misc operating expense,0.0,1653.35,CHK-001,-1653.35,-697106.45
2021-05-18,Sales sweep deposit,3298.02,0.0,CHK-001,3298.02,-693808.43
2021-05-20,Payroll,0.0,10656.26,CHK-001,-10656.26,-704464.6900000001
2021-05-21,Sales sweep deposit,3604.29,0.0,CHK-001,3604.29,-700860.4
2021-05-25,Sales sweep deposit,4099.4,0.0,CHK-001,4099.4,-696761.0
2021-05-28,Inventory supplier payment,0.0,7186.08,CHK-001,-7186.08,-703947.08
2021-05-28,Sales sweep deposit,4100.27,0.0,CHK-001,4100.27,-699846.81
2021-06-01,Sales sweep deposit,4465.61,0.0,CHK-001,4465.61,-695381.2
2021-06-01,Store & warehouse rent,0.0,19240.0,CHK-001,-19240.0,-714621.2
2021-06-03,Payroll,0.0,10797.78,CHK-001,-10797.78,-725418.98
2021-06-04,Sales sweep deposit,4035.41,0.0,CHK-001,4035.41,-721383.57
2021-06-08,Sales sweep deposit,3867.75,0.0,CHK-001,3867.75,-717515.82
2021-06-10,Utilities (power/water/internet),0.0,2404.84,CHK-001,-2404.84,-719920.66
2021-06-11,Sales sweep deposit,3767.56,0.0,CHK-001,3767.56,-716153.1
2021-06-13,Sales sweep deposit,4634.16,0.0,CHK-001,4634.16,-711518.9400000001
2021-06-15,Inventory supplier payment,0.0,8145.13,CHK-001,-8145.13,-719664.07
2021-06-15,Sales sweep deposit,4410.0,0.0,CHK-001,4410.0,-715254.07
2021-06-17,Payroll,0.0,11358.35,CHK-001,-11358.35,-726612.42
2021-06-18,Sales sweep deposit,3643.46,0.0,CHK-001,3643.46,-722968.96
2021-06-22,Sales sweep deposit,4240.39,0.0,CHK-001,4240.39,-718728.57
2021-06-25,Sales sweep deposit,4429.23,0.0,CHK-001,4429.23,-714299.34
2021-06-27,Refunds / chargeback reversal,409.4,0.0,CHK-001,409.4,-713889.9400000001
2021-06-28,Inventory supplier payment,0.0,8634.68,CHK-001,-8634.68,-722524.62
2021-06-29,Sales sweep deposit,3443.11,0.0,CHK-001,3443.11,-719081.51
2021-06-30,Refunds / chargeback reversal,65.01,0.0,CHK-001,65.01,-719016.5
2021-07-01,Payroll,0.0,11730.28,CHK-001,-11730.28,-730746.78
2021-07-01,Store & warehouse rent,0.0,19240.0,CHK-001,-19240.0,-749986.78
2021-07-02,Sales sweep deposit,4020.28,0.0,CHK-001,4020.28,-745966.5
2021-07-04,Sales sweep deposit,4645.65,0.0,CHK-001,4645.65,-741320.85
2021-07-06,Sales sweep deposit,4477.21,0.0,CHK-001,4477.21,-736843.64
2021-07-09,Sales sweep deposit,3539.36,0.0,CHK-001,3539.36,-733304.28
2021-07-13,Sales sweep deposit,3835.83,0.0,CHK-001,3835.83,-729468.45
2021-07-15,Inventory supplier payment,0.0,8212.77,CHK-001,-8212.77,-737681.22
2021-07-15,Payroll,0.0,11595.27,CHK-001,-11595.27,-749276.49
2021-07-16,Sales sweep deposit,4096.32,0.0,CHK-001,4096.32,-745180.17
2021-07-20,Sales sweep deposit,3819.53,0.0,CHK-001,3819.53,-741360.64
2021-07-21,Misc operating expense,0.0,302.76,CHK-001,-302.76,-741663.4
2021-07-23,Sales sweep deposit,3447.63,0.0,CHK-001,3447.63,-738215.77
2021-07-26,Misc operating expense,0.0,876.7,CHK-001,-876.7,-739092.47
2021-07-27,Sales sweep deposit,3272.16,0.0,CHK-001,3272.16,-735820.31
2021-07-28,Inventory supplier payment,0.0,8225.21,CHK-001,-8225.21,-744045.52
2021-07-29,Payroll,0.0,11329.09,CHK-001,-11329.09,-755374.61
2021-07-30,Sales sweep deposit,4674.29,0.0,CHK-001,4674.29,-750700.32
2021-08-01,Sales sweep deposit,4012.17,0.0,CHK-001,4012.17,-746688.15
2021-08-02,Store & warehouse rent,0.0,19240.0,CHK-001,-19240.0,-765928.15
2021-08-03,Sales sweep deposit,3949.93,0.0,CHK-001,3949.93,-761978.22
2021-08-03,Store & warehouse rent,0.0,19240.0,CHK-001,-19240.0,-781218.22
2021-08-06,Sales sweep deposit,3569.6,0.0,CHK-001,3569.6,-777648.62
2021-08-10,Sales sweep deposit,3505.11,0.0,CHK-001,3505.11,-774143.51
2021-08-10,Utilities (power/water/internet),0.0,2061.17,CHK-001,-2061.17,-776204.68
2021-08-12,Payroll,0.0,11101.96,CHK-001,-11101.96,-787306.64
2021-08-13,Refunds / chargeback reversal,61.24,0.0,CHK-001,61.24,-787245.4
2021-08-13,Sales sweep deposit,4985.76,0.0,CHK-001,4985.76,-782259.64
2021-08-15,Inventory supplier payment,0.0,10653.79,CHK-001,-10653.79,-792913.43
2021-08-17,Sales sweep deposit,4075.66,0.0,CHK-001,4075.66,-788837.77
2021-08-20,Sales sweep deposit,4806.44,0.0,CHK-001,4806.44,-784031.33
2021-08-24,Sales sweep deposit,5092.77,0.0,CHK-001,5092.77,-778938.56
2021-08-26,Payroll,0.0,10116.47,CHK-001,-10116.47,-789055.03
2021-08-27,Sales sweep deposit,3648.6,0.0,CHK-001,3648.6,-785406.43
2021-08-28,Inventory supplier payment,0.0,8473.19,CHK-001,-8473.19,-793879.62
2021-08-31,Sales sweep deposit,4093.18,0.0,CHK-001,4093.18,-789786.4400000001
2021-09-01,Store & warehouse rent,0.0,19240.0,CHK-001,-19240.0,-809026.44
2021-09-03,Sales sweep deposit,5070.91,0.0,CHK-001,5070.91,-803955.53
2021-09-07,Sales sweep deposit,4368.62,0.0,CHK-001,4368.62,-799586.91
2021-09-09,Payroll,0.0,10039.2,CHK-001,-10039.2,-809626.11
2021-09-10,Sales sweep deposit,4181.25,0.0,CHK-001,4181.25,-805444.86
2021-09-10,Utilities (power/water/internet),0.0,2365.68,CHK-001,-2365.68,-807810.54
2021-09-13,Misc operating expense,0.0,1064.91,CHK-001,-1064.91,-808875.45
2021-09-14,Sales sweep deposit,4180.3,0.0,CHK-001,4180.3,-804695.15
2021-09-15,Inventory supplier payment,0.0,9059.42,CHK-001,-9059.42,-813754.57
2021-09-17,Sales sweep deposit,4366.34,0.0,CHK-001,4366.34,-809388.23
2021-09-21,Sales sweep deposit,3563.77,0.0,CHK-001,3563.77,-805824.46
2021-09-23,Payroll,0.0,9961.7,CHK-001,-9961.7,-815786.16
2021-09-24,Sales sweep deposit,3870.85,0.0,CHK-001,3870.85,-811915.31
2021-09-27,Misc operating expense,0.0,1747.09,CHK-001,-1747.09,-813662.4
2021-09-27,Refunds / chargeback reversal,390.39,0.0,CHK-001,390.39,-813272.01
2021-09-28,Inventory supplier payment,0.0,8596.2,CHK-001,-8596.2,-821868.21
2021-09-28,Sales sweep deposit,4768.5,0.0,CHK-001,4768.5,-817099.71
2021-10-01,Sales sweep deposit,4626.44,0.0,CHK-001,4626.44,-812473.27
2021-10-01,Store & warehouse rent,0.0,19240.0,CHK-001,-19240.0,-831713.27
2021-10-04,Misc operating expense,0.0,782.16,CHK-001,-782.16,-832495.43
2021-10-05,Sales sweep deposit,3793.57,0.0,CHK-001,3793.57,-828701.86
2021-10-07,Payroll,0.0,11687.93,CHK-001,-11687.93,-840389.79
2021-10-08,Refunds / chargeback reversal,305.42,0.0,CHK-001,305.42,-840084.37
2021-10-08,Sales sweep deposit,4349.25,0.0,CHK-001,4349.25,-835735.12
2021-10-12,Sales sweep deposit,4629.67,0.0,CHK-001,4629.67,-831105.45
2021-10-15,Inventory supplier payment,0.0,7560.66,CHK-001,-7560.66,-838666.11
2021-10-15,Sales sweep deposit,4221.39,0.0,CHK-001,4221.39,-834444.72
2021-10-19,Sales sweep deposit,3864.49,0.0,CHK-001,3864.49,-830580.23
2021-10-21,Payroll,0.0,11883.67,CHK-001,-11883.67,-842463.9
2021-10-22,Sales sweep deposit,3457.94,0.0,CHK-001,3457.94,-839005.96
2021-10-26,Sales sweep deposit,4637.92,0.0,CHK-001,4637.92,-834368.04
2021-10-27,Refunds / chargeback reversal,201.24,0.0,CHK-001,201.24,-834166.8
2021-10-28,Inventory supplier payment,0.0,8548.05,CHK-001,-8548.05,-842714.85
2021-10-29,Sales sweep deposit,3387.04,0.0,CHK-001,3387.04,-839327.81
2021-11-01,Misc operating expense,0.0,498.67,CHK-001,-498.67,-839826.48
2021-11-01,Store & warehouse rent,0.0,19240.0,CHK-001,-19240.0,-859066.48
2021-11-02,Sales sweep deposit,4709.5,0.0,CHK-001,4709.5,-854356.98
2021-11-04,Payroll,0.0,10661.95,CHK-001,-10661.95,-865018.93
2021-11-05,Sales sweep deposit,4674.85,0.0,CHK-001,4674.85,-860344.08
2021-11-09,Sales sweep deposit,4718.87,0.0,CHK-001,4718.87,-855625.21
2021-11-10,Utilities (power/water/internet),0.0,2340.19,CHK-001,-2340.19,-857965.4
2021-11-12,Sales sweep deposit,5644.03,0.0,CHK-001,5644.03,-852321.37
2021-11-14,Sales sweep deposit,5223.97,0.0,CHK-001,5223.97,-847097.4
2021-11-15,Inventory supplier payment,0.0,9998.69,CHK-001,-9998.69,-857096.09
2021-11-15,Misc operating expense,0.0,1790.66,CHK-001,-1790.66,-858886.75
2021-11-16,Sales sweep deposit,5064.19,0.0,CHK-001,5064.19,-853822.56
2021-11-18,Payroll,0.0,11981.21,CHK-001,-11981.21,-865803.77
2021-11-19,Sales sweep deposit,4745.27,0.0,CHK-001,4745.27,-861058.5
2021-11-23,Sales sweep deposit,4201.75,0.0,CHK-001,4201.75,-856856.75
2021-11-26,Refunds / chargeback reversal,142.87,0.0,CHK-001,142.87,-856713.88
2021-11-26,Sales sweep deposit,5111.54,0.0,CHK-001,5111.54,-851602.34
2021-11-28,Inventory supplier payment,0.0,9046.3,CHK-001,-9046.3,-860648.64
2021-11-30,Sales sweep deposit,5537.64,0.0,CHK-001,5537.64,-855111.0
2021-12-01,Store & warehouse rent,0.0,19240.0,CHK-001,-19240.0,-874351.0
2021-12-02,Payroll,0.0,11512.44,CHK-001,-11512.44,-885863.4400000001
2021-12-03,Sales sweep deposit,4634.43,0.0,CHK-001,4634.43,-881229.01
2021-12-07,Sales sweep deposit,5331.95,0.0,CHK-001,5331.95,-875897.06
2021-12-10,Sales sweep deposit,3851.61,0.0,CHK-001,3851.61,-872045.45
2021-12-10,Utilities (power/water/internet),0.0,2158.41,CHK-001,-2158.41,-874203.86
2021-12-14,Sales sweep deposit,4265.65,0.0,CHK-001,4265.65,-869938.21
2021-12-15,Inventory supplier payment,0.0,10006.44,CHK-001,-10006.44,-879944.65
2021-12-16,Payroll,0.0,11900.69,CHK-001,-11900.69,-891845.34
2021-12-17,Sales sweep deposit,4100.66,0.0,CHK-001,4100.66,-887744.68
2021-12-20,Refunds / chargeback reversal,64.94,0.0,CHK-001,64.94,-887679.74
2021-12-21,Sales sweep deposit,5069.38,0.0,CHK-001,5069.38,-882610.36
2021-12-24,Sales sweep deposit,5006.44,0.0,CHK-001,5006.44,-877603.92
2021-12-26,Sales sweep deposit,4522.56,0.0,CHK-001,4522.56,-873081.36
2021-12-28,Inventory supplier payment,0.0,10856.87,CHK-001,-10856.87,-883938.23
2021-12-28,Sales sweep deposit,4787.81,0.0,CHK-001,4787.81,-879150.42
2021-12-30,Payroll,0.0,10531.28,CHK-001,-10531.28,-889681.7
2021-12-31,Sales sweep deposit,3903.28,0.0,CHK-001,3903.28,-885778.42
2022-01-03,Store & warehouse rent,0.0,20350.0,CHK-001,-20350.0,-906128.42
2022-01-04,Sales sweep deposit,4380.74,0.0,CHK-001,4380.74,-901747.68
2022-01-05,Misc operating expense,0.0,1329.5,CHK-001,-1329.5,-903077.18
2022-01-07,Sales sweep deposit,4207.3,0.0,CHK-001,4207.3,-898869.88
2022-01-09,Sales sweep deposit,5021.36,0.0,CHK-001,5021.36,-893848.52
2022-01-10,Misc operating expense,0.0,1828.92,CHK-001,-1828.92,-895677.4400000001
2022-01-10,Utilities (power/water/internet),0.0,2538.0,CHK-001,-2538.0,-898215.4400000001
2022-01-11,Sales sweep deposit,5190.0,0.0,CHK-001,5190.0,-893025.4400000001
2022-01-13,Payroll,0.0,14174.47,CHK-001,-14174.47,-907199.91
2022-01-14,Sales sweep deposit,3966.89,0.0,CHK-001,3966.89,-903233.02
2022-01-15,Inventory supplier payment,0.0,9877.42,CHK-001,-9877.42,-913110.4400000001
2022-01-16,Sales sweep deposit,4854.75,0.0,CHK-001,4854.75,-908255.6900000001
2022-01-17,Misc operating expense,0.0,1433.09,CHK-001,-1433.09,-909688.78
2022-01-18,Refunds / chargeback reversal,137.37,0.0,CHK-001,137.37,-909551.41
2022-01-18,Sales sweep deposit,3900.71,0.0,CHK-001,3900.71,-905650.7
2022-01-21,Sales sweep deposit,4022.07,0.0,CHK-001,4022.07,-901628.63
2022-01-25,Sales sweep deposit,4903.03,0.0,CHK-001,4903.03,-896725.6
2022-01-27,Payroll,0.0,14491.18,CHK-001,-14491.18,-911216.78
2022-01-28,Inventory supplier payment,0.0,10332.05,CHK-001,-10332.05,-921548.83
2022-01-28,Sales sweep deposit,4425.34,0.0,CHK-001,4425.34,-917123.49
2022-02-01,Sales sweep deposit,5371.29,0.0,CHK-001,5371.29,-911752.2
2022-02-01,Store & warehouse rent,0.0,20350.0,CHK-001,-20350.0,-932102.2
2022-02-03,Refunds / chargeback reversal,262.98,0.0,CHK-001,262.98,-931839.22
2022-02-04,Sales sweep deposit,3926.29,0.0,CHK-001,3926.29,-927912.93
2022-02-08,Sales sweep deposit,4135.88,0.0,CHK-001,4135.88,-923777.05
2022-02-10,Payroll,0.0,13593.79,CHK-001,-13593.79,-937370.84
2022-02-10,Utilities (power/water/internet),0.0,2230.56,CHK-001,-2230.56,-939601.4
2022-02-11,Sales sweep deposit,4184.92,0.0,CHK-001,4184.92,-935416.48
2022-02-15,Inventory supplier payment,0.0,8966.34,CHK-001,-8966.34,-944382.8200000001
2022-02-15,Sales sweep deposit,4219.71,0.0,CHK-001,4219.71,-940163.11
2022-02-18,Sales sweep deposit,4341.66,0.0,CHK-001,4341.66,-935821.45
2022-02-22,Sales sweep deposit,4233.2,0.0,CHK-001,4233.2,-931588.25
2022-02-24,Payroll,0.0,12243.45,CHK-001,-12243.45,-943831.7
2022-02-25,Sales sweep deposit,5060.92,0.0,CHK-001,5060.92,-938770.78
2022-02-28,Inventory supplier payment,0.0,10720.0,CHK-001,-10720.0,-949490.78
2022-03-01,Sales sweep deposit,4178.39,0.0,CHK-001,4178.39,-945312.39
2022-03-01,Store & warehouse rent,0.0,20350.0,CHK-001,-20350.0,-965662.39
2022-03-04,Sales sweep deposit,5520.32,0.0,CHK-001,5520.32,-960142.0700000001
2022-03-08,Sales sweep deposit,5393.24,0.0,CHK-001,5393.24,-954748.83
2022-03-10,Payroll,0.0,13372.37,CHK-001,-13372.37,-968121.2
2022-03-10,Utilities (power/water/internet),0.0,2349.84,CHK-001,-2349.84,-970471.04
2022-03-11,Sales sweep deposit,3850.25,0.0,CHK-001,3850.25,-966620.79
2022-03-15,Inventory supplier payment,0.0,9235.02,CHK-001,-9235.02,-975855.81
2022-03-15,Sales sweep deposit,5381.45,0.0,CHK-001,5381.45,-970474.36
2022-03-18,Sales sweep deposit,5531.11,0.0,CHK-001,5531.11,-964943.25
2022-03-22,Sales sweep deposit,4679.23,0.0,CHK-001,4679.23,-960264.02
2022-03-24,Payroll,0.0,12150.67,CHK-001,-12150.67,-972414.6900000001
2022-03-25,Sales sweep deposit,3723.58,0.0,CHK-001,3723.58,-968691.11
2022-03-28,Inventory supplier payment,0.0,8859.28,CHK-001,-8859.28,-977550.3900000001
2022-03-29,Sales sweep deposit,4417.45,0.0,CHK-001,4417.45,-973132.9400000001
2022-04-01,Sales sweep deposit,4851.54,0.0,CHK-001,4851.54,-968281.4
2022-04-01,Store & warehouse rent,0.0,20350.0,CHK-001,-20350.0,-988631.3999999999
2022-04-05,Sales sweep deposit,4903.28,0.0,CHK-001,4903.28,-983728.1200000001
2022-04-06,Refunds / chargeback reversal,91.23,0.0,CHK-001,91.23,-983636.8900000001
2022-04-07,Payroll,0.0,13669.85,CHK-001,-13669.85,-997306.74
2022-04-08,Sales sweep deposit,4146.64,0.0,CHK-001,4146.64,-993160.1000000001
2022-04-12,Sales sweep deposit,5022.3,0.0,CHK-001,5022.3,-988137.8
2022-04-15,Inventory supplier payment,0.0,10992.82,CHK-001,-10992.82,-999130.6200000001
2022-04-15,Sales sweep deposit,5393.6,0.0,CHK-001,5393.6,-993737.02
2022-04-19,Sales sweep deposit,4074.84,0.0,CHK-001,4074.84,-989662.1799999999
2022-04-21,Payroll,0.0,14028.16,CHK-001,-14028.16,-1003690.3400000001
2022-04-22,Sales sweep deposit,4823.37,0.0,CHK-001,4823.37,-998866.97
2022-04-26,Sales sweep deposit,5415.87,0.0,CHK-001,5415.87,-993451.1000000001
2022-04-28,Inventory supplier payment,0.0,10607.02,CHK-001,-10607.02,-1004058.1200000001
2022-04-29,Sales sweep deposit,4688.55,0.0,CHK-001,4688.55,-999369.5700000001
2022-05-01,Sales sweep deposit,4596.15,0.0,CHK-001,4596.15,-994773.4199999999
2022-05-02,Store & warehouse rent,0.0,20350.0,CHK-001,-20350.0,-1015123.4199999999
2022-05-03,Sales sweep deposit,5525.81,0.0,CHK-001,5525.81,-1009597.6100000001
2022-05-03,Store & warehouse rent,0.0,20350.0,CHK-001,-20350.0,-1029947.6100000001
2022-05-05,Payroll,0.0,13822.81,CHK-001,-13822.81,-1043770.4199999999
2022-05-06,Sales sweep deposit,4584.04,0.0,CHK-001,4584.04,-1039186.3800000001
2022-05-10,Sales sweep deposit,4564.43,0.0,CHK-001,4564.43,-1034621.95
2022-05-10,Utilities (power/water/internet),0.0,2273.9,CHK-001,-2273.9,-1036895.8500000001
2022-05-13,Sales sweep deposit,4296.1,0.0,CHK-001,4296.1,-1032599.75
2022-05-15,Inventory supplier payment,0.0,8516.46,CHK-001,-8516.46,-1041116.21
2022-05-15,Sales sweep deposit,3871.07,0.0,CHK-001,3871.07,-1037245.1399999999
2022-05-17,Sales sweep deposit,3800.54,0.0,CHK-001,3800.54,-1033444.6000000001
2022-05-19,Payroll,0.0,14059.55,CHK-001,-14059.55,-1047504.1499999999
2022-05-20,Sales sweep deposit,4764.84,0.0,CHK-001,4764.84,-1042739.31
2022-05-22,Sales sweep deposit,4729.86,0.0,CHK-001,4729.86,-1038009.45
2022-05-24,Sales sweep deposit,3760.58,0.0,CHK-001,3760.58,-1034248.8700000001
2022-05-27,Sales sweep deposit,4858.9,0.0,CHK-001,4858.9,-1029389.97
2022-05-28,Inventory supplier payment,0.0,9240.94,CHK-001,-9240.94,-1038630.9099999999
2022-05-31,Sales sweep deposit,4171.95,0.0,CHK-001,4171.95,-1034458.96
2022-06-01,Misc operating expense,0.0,1493.9,CHK-001,-1493.9,-1035952.8600000001
2022-06-01,Store & warehouse rent,0.0,20350.0,CHK-001,-20350.0,-1056302.86
2022-06-02,Payroll,0.0,12907.46,CHK-001,-12907.46,-1069210.32
2022-06-03,Sales sweep deposit,3727.27,0.0,CHK-001,3727.27,-1065483.05
2022-06-05,Sales sweep deposit,5137.85,0.0,CHK-001,5137.85,-1060345.2
2022-06-07,Sales sweep deposit,5025.92,0.0,CHK-001,5025.92,-1055319.28
2022-06-10,Sales sweep deposit,4485.11,0.0,CHK-001,4485.11,-1050834.17
2022-06-10,Utilities (power/water/internet),0.0,2599.77,CHK-001,-2599.77,-1053433.94
2022-06-11,Refunds / chargeback reversal,425.66,0.0,CHK-001,425.66,-1053008.28
2022-06-14,Sales sweep deposit,5373.49,0.0,CHK-001,5373.49,-1047634.79
2022-06-15,Inventory supplier payment,0.0,9502.77,CHK-001,-9502.77,-1057137.56
2022-06-16,Payroll,0.0,13109.83,CHK-001,-13109.83,-1070247.3900000001
2022-06-17,Sales sweep deposit,5356.3,0.0,CHK-001,5356.3,-1064891.09
2022-06-21,Sales sweep deposit,4290.89,0.0,CHK-001,4290.89,-1060600.2
2022-06-24,Sales sweep deposit,5358.41,0.0,CHK-001,5358.41,-1055241.79
2022-06-25,Refunds / chargeback reversal,366.69,0.0,CHK-001,366.69,-1054875.1
2022-06-28,Inventory supplier payment,0.0,9254.59,CHK-001,-9254.59,-1064129.69
2022-06-28,Sales sweep deposit,4208.21,0.0,CHK-001,4208.21,-1059921.48
2022-06-30,Payroll,0.0,13358.2,CHK-001,-13358.2,-1073279.68
2022-07-01,Sales sweep deposit,3971.94,0.0,CHK-001,3971.94,-1069307.74
2022-07-01,Store & warehouse rent,0.0,20350.0,CHK-001,-20350.0,-1089657.74
2022-07-03,Sales sweep deposit,4798.14,0.0,CHK-001,4798.14,-1084859.6
2022-07-05,Sales sweep deposit,3994.0,0.0,CHK-001,3994.0,-1080865.6
2022-07-08,Sales sweep deposit,4200.4,0.0,CHK-001,4200.4,-1076665.2
2022-07-09,Refunds / chargeback reversal,161.23,0.0,CHK-001,161.23,-1076503.97
2022-07-10,Sales sweep deposit,5478.18,0.0,CHK-001,5478.18,-1071025.79
2022-07-12,Sales sweep deposit,4407.62,0.0,CHK-001,4407.62,-1066618.17
2022-07-14,Payroll,0.0,13071.4,CHK-001,-13071.4,-1079689.57
2022-07-15,Inventory supplier payment,0.0,9555.12,CHK-001,-9555.12,-1089244.69
2022-07-15,Sales sweep deposit,5356.43,0.0,CHK-001,5356.43,-1083888.26
2022-07-18,Misc operating expense,0.0,1462.14,CHK-001,-1462.14,-1085350.4
2022-07-19,Sales sweep deposit,4514.05,0.0,CHK-001,4514.05,-1080836.35
2022-07-22,Sales sweep deposit,4152.97,0.0,CHK-001,4152.97,-1076683.3800000001
2022-07-26,Sales sweep deposit,5426.75,0.0,CHK-001,5426.75,-1071256.6300000001
2022-07-28,Inventory supplier payment,0.0,10157.24,CHK-001,-10157.24,-1081413.87
2022-07-28,Payroll,0.0,14342.67,CHK-001,-14342.67,-1095756.54
2022-07-29,Sales sweep deposit,4785.43,0.0,CHK-001,4785.43,-1090971.11
2022-08-01,Store & warehouse rent,0.0,20350.0,CHK-001,-20350.0,-1111321.11
2022-08-02,Sales sweep deposit,5263.02,0.0,CHK-001,5263.02,-1106058.09
2022-08-05,Sales sweep deposit,5196.92,0.0,CHK-001,5196.92,-1100861.17
2022-08-08,Misc operating expense,0.0,1686.12,CHK-001,-1686.12,-1102547.29
2022-08-09,Sales sweep deposit,5932.01,0.0,CHK-001,5932.01,-1096615.28
2022-08-10,Misc operating expense,0.0,491.77,CHK-001,-491.77,-1097107.05
2022-08-10,Utilities (power/water/internet),0.0,2507.93,CHK-001,-2507.93,-1099614.98
2022-08-11,Payroll,0.0,12695.7,CHK-001,-12695.7,-1112310.68
2022-08-12,Sales sweep deposit,5954.23,0.0,CHK-001,5954.23,-1106356.45
2022-08-15,Inventory supplier payment,0.0,11605.67,CHK-001,-11605.67,-1117962.12
2022-08-16,Sales sweep deposit,5644.84,0.0,CHK-001,5644.84,-1112317.28
2022-08-19,Sales sweep deposit,5575.78,0.0,CHK-001,5575.78,-1106741.5
2022-08-21,Sales sweep deposit,4411.7,0.0,CHK-001,4411.7,-1102329.8
2022-08-23,Sales sweep deposit,5946.76,0.0,CHK-001,5946.76,-1096383.04
2022-08-25,Payroll,0.0,14038.01,CHK-001,-14038.01,-1110421.05
2022-08-26,Sales sweep deposit,5578.65,0.0,CHK-001,5578.65,-1104842.4
2022-08-28,Inventory supplier payment,0.0,12172.06,CHK-001,-12172.06,-1117014.46
2022-08-30,Sales sweep deposit,4538.22,0.0,CHK-001,4538.22,-1112476.24
2022-09-01,Store & warehouse rent,0.0,20350.0,CHK-001,-20350.0,-1132826.24
2022-09-02,Sales sweep deposit,5089.19,0.0,CHK-001,5089.19,-1127737.05
2022-09-06,Sales sweep deposit,5309.44,0.0,CHK-001,5309.44,-1122427.61
2022-09-08,Payroll,0.0,12834.33,CHK-001,-12834.33,-1135261.94
2022-09-09,Sales sweep deposit,5573.17,0.0,CHK-001,5573.17,-1129688.77
2022-09-13,Sales sweep deposit,4682.23,0.0,CHK-001,4682.23,-1125006.54
2022-09-15,Inventory supplier payment,0.0,9873.68,CHK-001,-9873.68,-1134880.22
2022-09-16,Sales sweep deposit,5051.88,0.0,CHK-001,5051.88,-1129828.34
2022-09-19,Misc operating expense,0.0,336.5,CHK-001,-336.5,-1130164.84
2022-09-20,Sales sweep deposit,6096.74,0.0,CHK-001,6096.74,-1124068.1
2022-09-22,Payroll,0.0,12209.91,CHK-001,-12209.91,-1136278.01
2022-09-23,Sales sweep deposit,4419.7,0.0,CHK-001,4419.7,-1131858.31
2022-09-27,Sales sweep deposit,5067.46,0.0,CHK-001,5067.46,-1126790.85
2022-09-28,Inventory supplier payment,0.0,11863.01,CHK-001,-11863.01,-1138653.86
2022-09-30,Sales sweep deposit,4953.08,0.0,CHK-001,4953.08,-1133700.78
2022-10-02,Sales sweep deposit,5269.56,0.0,CHK-001,5269.56,-1128431.22
2022-10-03,Store & warehouse rent,0.0,20350.0,CHK-001,-20350.0,-1148781.22
2022-10-04,Sales sweep deposit,4436.13,0.0,CHK-001,4436.13,-1144345.09
2022-10-06,Payroll,0.0,14133.05,CHK-001,-14133.05,-1158478.1400000001
2022-10-07,Sales sweep deposit,4719.18,0.0,CHK-001,4719.18,-1153758.96
2022-10-10,Utilities (power/water/internet),0.0,2500.09,CHK-001,-2500.09,-1156259.05
2022-10-11,Sales sweep deposit,5281.83,0.0,CHK-001,5281.83,-1150977.22
2022-10-14,Sales sweep deposit,3931.12,0.0,CHK-001,3931.12,-1147046.1
2022-10-15,Inventory supplier payment,0.0,9812.62,CHK-001,-9812.62,-1156858.72
2022-10-16,Sales sweep deposit,4109.73,0.0,CHK-001,4109.73,-1152748.99
2022-10-18,Sales sweep deposit,4566.41,0.0,CHK-001,4566.41,-1148182.58
2022-10-20,Payroll,0.0,13288.06,CHK-001,-13288.06,-1161470.6400000001
2022-10-21,Sales sweep deposit,4128.23,0.0,CHK-001,4128.23,-1157342.41
2022-10-23,Sales sweep deposit,5354.63,0.0,CHK-001,5354.63,-1151987.78
2022-10-25,Sales sweep deposit,3791.14,0.0,CHK-001,3791.14,-1148196.6400000001
2022-10-28,Inventory supplier payment,0.0,9686.41,CHK-001,-9686.41,-1157883.05
2022-10-28,Sales sweep deposit,3783.06,0.0,CHK-001,3783.06,-1154099.99
2022-11-01,Sales sweep deposit,6135.74,0.0,CHK-001,6135.74,-1147964.25
2022-11-01,Store & warehouse rent,0.0,20350.0,CHK-001,-20350.0,-1168314.25
2022-11-02,Misc operating expense,0.0,1152.4,CHK-001,-1152.4,-1169466.65
2022-11-03,Payroll,0.0,13210.33,CHK-001,-13210.33,-1182676.98
2022-11-04,Sales sweep deposit,6093.57,0.0,CHK-001,6093.57,-1176583.41
2022-11-08,Sales sweep deposit,4896.58,0.0,CHK-001,4896.58,-1171686.83
2022-11-10,Utilities (power/water/internet),0.0,2512.65,CHK-001,-2512.65,-1174199.48
2022-11-11,Sales sweep deposit,4916.83,0.0,CHK-001,4916.83,-1169282.65
2022-11-15,Inventory supplier payment,0.0,13617.52,CHK-001,-13617.52,-1182900.17
2022-11-15,Sales sweep deposit,5388.7,0.0,CHK-001,5388.7,-1177511.47
2022-11-17,Payroll,0.0,13412.76,CHK-001,-13412.76,-1190924.23
2022-11-18,Sales sweep deposit,4759.24,0.0,CHK-001,4759.24,-1186164.99
2022-11-22,Sales sweep deposit,4528.7,0.0,CHK-001,4528.7,-1181636.29
2022-11-23,Misc operating expense,0.0,701.01,CHK-001,-701.01,-1182337.3
2022-11-25,Sales sweep deposit,5673.6,0.0,CHK-001,5673.6,-1176663.7
2022-11-28,Inventory supplier payment,0.0,13534.4,CHK-001,-13534.4,-1190198.1
2022-11-28,Misc operating expense,0.0,228.91,CHK-001,-228.91,-1190427.01
2022-11-29,Sales sweep deposit,5240.65,0.0,CHK-001,5240.65,-1185186.36
2022-12-01,Payroll,0.0,12368.54,CHK-001,-12368.54,-1197554.9
2022-12-01,Store & warehouse rent,0.0,20350.0,CHK-001,-20350.0,-1217904.9
2022-12-02,Sales sweep deposit,4885.61,0.0,CHK-001,4885.61,-1213019.29
2022-12-06,Sales sweep deposit,4712.34,0.0,CHK-001,4712.34,-1208306.95
2022-12-09,Sales sweep deposit,6639.84,0.0,CHK-001,6639.84,-1201667.11
2022-12-13,Sales sweep deposit,4621.45,0.0,CHK-001,4621.45,-1197045.66
2022-12-15,Inventory supplier payment,0.0,10949.9,CHK-001,-10949.9,-1207995.56
2022-12-15,Payroll,0.0,13119.0,CHK-001,-13119.0,-1221114.56
2022-12-16,Sales sweep deposit,4569.07,0.0,CHK-001,4569.07,-1216545.49
2022-12-18,Sales sweep deposit,5874.51,0.0,CHK-001,5874.51,-1210670.98
2022-12-20,Sales sweep deposit,6252.76,0.0,CHK-001,6252.76,-1204418.22
2022-12-23,Sales sweep deposit,6595.61,0.0,CHK-001,6595.61,-1197822.61
2022-12-27,Sales sweep deposit,4948.31,0.0,CHK-001,4948.31,-1192874.3
2022-12-28,Inventory supplier payment,0.0,12182.5,CHK-001,-12182.5,-1205056.8
2022-12-29,Payroll,0.0,12999.94,CHK-001,-12999.94,-1218056.74
2022-12-30,Sales sweep deposit,5608.85,0.0,CHK-001,5608.85,-1212447.8900000001
2023-01-02,Store & warehouse rent,0.0,21090.0,CHK-001,-21090.0,-1233537.8900000001
2023-01-03,Refunds / chargeback reversal,444.23,0.0,CHK-001,444.23,-1233093.66
2023-01-03,Sales sweep deposit,5580.59,0.0,CHK-001,5580.59,-1227513.07
2023-01-03,Store & warehouse rent,0.0,21090.0,CHK-001,-21090.0,-1248603.07
2023-01-06,Sales sweep deposit,4387.36,0.0,CHK-001,4387.36,-1244215.71
2023-01-09,Misc operating expense,0.0,1234.06,CHK-001,-1234.06,-1245449.77
2023-01-10,Sales sweep deposit,4177.67,0.0,CHK-001,4177.67,-1241272.1
2023-01-10,Utilities (power/water/internet),0.0,2480.82,CHK-001,-2480.82,-1243752.92
2023-01-12,Payroll,0.0,14423.22,CHK-001,-14423.22,-1258176.1400000001
2023-01-13,Sales sweep deposit,4332.21,0.0,CHK-001,4332.21,-1253843.93
2023-01-15,Inventory supplier payment,0.0,10430.67,CHK-001,-10430.67,-1264274.6
2023-01-17,Sales sweep deposit,4092.27,0.0,CHK-001,4092.27,-1260182.33
2023-01-20,Sales sweep deposit,3983.75,0.0,CHK-001,3983.75,-1256198.58
2023-01-23,Misc operating expense,0.0,1188.9,CHK-001,-1188.9,-1257387.48
2023-01-24,Sales sweep deposit,5003.45,0.0,CHK-001,5003.45,-1252384.03
2023-01-26,Payroll,0.0,14556.57,CHK-001,-14556.57,-1266940.6
2023-01-27,Sales sweep deposit,4133.01,0.0,CHK-001,4133.01,-1262807.59
2023-01-28,Inventory supplier payment,0.0,8990.72,CHK-001,-8990.72,-1271798.31
2023-01-29,Sales sweep deposit,5322.17,0.0,CHK-001,5322.17,-1266476.14
2023-01-31,Sales sweep deposit,5232.88,0.0,CHK-001,5232.88,-1261243.26
2023-02-01,Store & warehouse rent,0.0,21090.0,CHK-001,-21090.0,-1282333.26
2023-02-03,Sales sweep deposit,5716.32,0.0,CHK-001,5716.32,-1276616.94
2023-02-05,Sales sweep deposit,4874.06,0.0,CHK-001,4874.06,-1271742.8800000001
2023-02-07,Sales sweep deposit,4092.75,0.0,CHK-001,4092.75,-1267650.1300000001
2023-02-09,Payroll,0.0,13651.1,CHK-001,-13651.1,-1281301.23
2023-02-10,Sales sweep deposit,3851.94,0.0,CHK-001,3851.94,-1277449.29
2023-02-10,Utilities (power/water/internet),0.0,2533.36,CHK-001,-2533.36,-1279982.65
2023-02-12,Sales sweep deposit,4681.04,0.0,CHK-001,4681.04,-1275301.61
2023-02-14,Sales sweep deposit,4218.4,0.0,CHK-001,4218.4,-1271083.21
2023-02-15,Inventory supplier payment,0.0,11657.37,CHK-001,-11657.37,-1282740.58
2023-02-17,Sales sweep deposit,4168.79,0.0,CHK-001,4168.79,-1278571.79
2023-02-21,Sales sweep deposit,4837.42,0.0,CHK-001,4837.42,-1273734.37
2023-02-23,Payroll,0.0,13280.27,CHK-001,-13280.27,-1287014.6400000001
2023-02-24,Sales sweep deposit,4510.44,0.0,CHK-001,4510.44,-1282504.2
2023-02-26,Sales sweep deposit,4962.84,0.0,CHK-001,4962.84,-1277541.36
2023-02-28,Inventory supplier payment,0.0,9467.44,CHK-001,-9467.44,-1287008.8
2023-02-28,Sales sweep deposit,4761.02,0.0,CHK-001,4761.02,-1282247.78
2023-03-01,Store & warehouse rent,0.0,21090.0,CHK-001,-21090.0,-1303337.78
2023-03-03,Sales sweep deposit,4707.38,0.0,CHK-001,4707.38,-1298630.4
2023-03-05,Sales sweep deposit,5559.39,0.0,CHK-001,5559.39,-1293071.01
2023-03-06,Misc operating expense,0.0,1636.91,CHK-001,-1636.91,-1294707.92
2023-03-07,Sales sweep deposit,3907.6,0.0,CHK-001,3907.6,-1290800.32
2023-03-09,Payroll,0.0,14914.58,CHK-001,-14914.58,-1305714.9
2023-03-10,Sales sweep deposit,4191.1,0.0,CHK-001,4191.1,-1301523.8
2023-03-10,Utilities (power/water/internet),0.0,2409.53,CHK-001,-2409.53,-1303933.33
2023-03-14,Sales sweep deposit,4946.88,0.0,CHK-001,4946.88,-1298986.45
2023-03-15,Inventory supplier payment,0.0,9267.9,CHK-001,-9267.9,-1308254.35
2023-03-17,Sales sweep deposit,4574.6,0.0,CHK-001,4574.6,-1303679.75
2023-03-21,Sales sweep deposit,5614.21,0.0,CHK-001,5614.21,-1298065.54
2023-03-23,Payroll,0.0,12794.09,CHK-001,-12794.09,-1310859.6300000001
2023-03-24,Sales sweep deposit,5175.65,0.0,CHK-001,5175.65,-1305683.98
2023-03-28,Inventory supplier payment,0.0,9438.83,CHK-001,-9438.83,-1315122.81
2023-03-28,Sales sweep deposit,5550.62,0.0,CHK-001,5550.62,-1309572.19
2023-03-31,Sales sweep deposit,5083.48,0.0,CHK-001,5083.48,-1304488.71
2023-04-03,Store & warehouse rent,0.0,21090.0,CHK-001,-21090.0,-1325578.71
2023-04-04,Sales sweep deposit,4157.1,0.0,CHK-001,4157.1,-1321421.61
2023-04-06,Payroll,0.0,13103.6,CHK-001,-13103.6,-1334525.21
2023-04-07,Sales sweep deposit,4225.6,0.0,CHK-001,4225.6,-1330299.61
2023-04-10,Utilities (power/water/internet),0.0,2395.2,CHK-001,-2395.2,-1332694.81
2023-04-11,Sales sweep deposit,5000.53,0.0,CHK-001,5000.53,-1327694.28
2023-04-12,Misc operating expense,0.0,1984.42,CHK-001,-1984.42,-1329678.7
2023-04-14,Sales sweep deposit,4975.49,0.0,CHK-001,4975.49,-1324703.21
2023-04-15,Inventory supplier payment,0.0,10067.22,CHK-001,-10067.22,-1334770.43
2023-04-18,Sales sweep deposit,4427.35,0.0,CHK-001,4427.35,-1330343.08
2023-04-19,Misc operating expense,0.0,1273.12,CHK-001,-1273.12,-1331616.2
2023-04-20,Payroll,0.0,13300.73,CHK-001,-13300.73,-1344916.93
2023-04-21,Sales sweep deposit,5439.86,0.0,CHK-001,5439.86,-1339477.07
2023-04-25,Sales sweep deposit,4801.44,0.0,CHK-001,4801.44,-1334675.6300000001
2023-04-28,Inventory supplier payment,0.0,9341.22,CHK-001,-9341.22,-1344016.85
2023-04-28,Sales sweep deposit,5496.02,0.0,CHK-001,5496.02,-1338520.83
2023-05-01,Store & warehouse rent,0.0,21090.0,CHK-001,-21090.0,-1359610.83
2023-05-02,Sales sweep deposit,4006.79,0.0,CHK-001,4006.79,-1355604.04
2023-05-04,Payroll,0.0,12862.27,CHK-001,-12862.27,-1368466.31
2023-05-05,Sales sweep deposit,4237.5,0.0,CHK-001,4237.5,-1364228.81
2023-05-09,Sales sweep deposit,5662.09,0.0,CHK-001,5662.09,-1358566.72
2023-05-10,Utilities (power/water/internet),0.0,2572.08,CHK-001,-2572.08,-1361138.8
2023-05-12,Sales sweep deposit,4558.98,0.0,CHK-001,4558.98,-1356579.82
2023-05-14,Sales sweep deposit,4633.16,0.0,CHK-001,4633.16,-1351946.66
2023-05-15,Inventory supplier payment,0.0,9307.23,CHK-001,-9307.23,-1361253.8900000001
2023-05-16,Sales sweep deposit,5469.24,0.0,CHK-001,5469.24,-1355784.65
2023-05-18,Payroll,0.0,14106.61,CHK-001,-14106.61,-1369891.26
2023-05-19,Sales sweep deposit,5073.7,0.0,CHK-001,5073.7,-1364817.56
2023-05-23,Sales sweep deposit,5610.88,0.0,CHK-001,5610.88,-1359206.68
2023-05-24,Misc operating expense,0.0,1034.13,CHK-001,-1034.13,-1360240.81
2023-05-26,Sales sweep deposit,4195.41,0.0,CHK-001,4195.41,-1356045.4
2023-05-28,Inventory supplier payment,0.0,10163.35,CHK-001,-10163.35,-1366208.75
2023-05-29,Misc operating expense,0.0,252.43,CHK-001,-252.43,-1366461.18
2023-05-30,Sales sweep deposit,5156.24,0.0,CHK-001,5156.24,-1361304.94
2023-06-01,Payroll,0.0,13956.61,CHK-001,-13956.61,-1375261.55
2023-06-01,Store & warehouse rent,0.0,21090.0,CHK-001,-21090.0,-1396351.55
2023-06-02,Sales sweep deposit,4993.59,0.0,CHK-001,4993.59,-1391357.96
2023-06-05,Misc operating expense,0.0,717.07,CHK-001,-717.07,-1392075.03
2023-06-05,Refunds / chargeback reversal,282.22,0.0,CHK-001,282.22,-1391792.81
2023-06-06,Sales sweep deposit,5078.44,0.0,CHK-001,5078.44,-1386714.37
2023-06-09,Sales sweep deposit,5019.59,0.0,CHK-001,5019.59,-1381694.78
2023-06-11,Refunds / chargeback reversal,228.86,0.0,CHK-001,228.86,-1381465.92
2023-06-13,Sales sweep deposit,4028.24,0.0,CHK-001,4028.24,-1377437.68
2023-06-15,Inventory supplier payment,0.0,11740.41,CHK-001,-11740.41,-1389178.09
2023-06-15,Payroll,0.0,14731.05,CHK-001,-14731.05,-1403909.1400000001
2023-06-16,Sales sweep deposit,5379.97,0.0,CHK-001,5379.97,-1398529.17
2023-06-18,Sales sweep deposit,4074.38,0.0,CHK-001,4074.38,-1394454.79
2023-06-20,Sales sweep deposit,5014.12,0.0,CHK-001,5014.12,-1389440.67
2023-06-23,Sales sweep deposit,5345.52,0.0,CHK-001,5345.52,-1384095.15
2023-06-27,Sales sweep deposit,4720.46,0.0,CHK-001,4720.46,-1379374.69
2023-06-28,Inventory supplier payment,0.0,10956.01,CHK-001,-10956.01,-1390330.7
2023-06-28,Misc operating expense,0.0,1918.85,CHK-001,-1918.85,-1392249.55
2023-06-29,Payroll,0.0,12808.12,CHK-001,-12808.12,-1405057.67
2023-06-30,Sales sweep deposit,4261.81,0.0,CHK-001,4261.81,-1400795.86
2023-07-03,Store & warehouse rent,0.0,21090.0,CHK-001,-21090.0,-1421885.86
2023-07-04,Sales sweep deposit,5538.78,0.0,CHK-001,5538.78,-1416347.08
2023-07-07,Sales sweep deposit,4263.98,0.0,CHK-001,4263.98,-1412083.1
2023-07-10,Utilities (power/water/internet),0.0,2727.5,CHK-001,-2727.5,-1414810.6
2023-07-11,Sales sweep deposit,5441.82,0.0,CHK-001,5441.82,-1409368.78
2023-07-12,Misc operating expense,0.0,963.06,CHK-001,-963.06,-1410331.84
2023-07-13,Payroll,0.0,13509.38,CHK-001,-13509.38,-1423841.22
2023-07-14,Sales sweep deposit,5644.6,0.0,CHK-001,5644.6,-1418196.62
2023-07-15,Inventory supplier payment,0.0,11094.19,CHK-001,-11094.19,-1429290.81
2023-07-18,Sales sweep deposit,4166.33,0.0,CHK-001,4166.33,-1425124.48
2023-07-21,Refunds / chargeback reversal,352.66,0.0,CHK-001,352.66,-1424771.82
2023-07-21,Sales sweep deposit,5660.98,0.0,CHK-001,5660.98,-1419110.84
2023-07-23,Sales sweep deposit,5116.89,0.0,CHK-001,5116.89,-1413993.95
2023-07-25,Sales sweep deposit,4455.47,0.0,CHK-001,4455.47,-1409538.48
2023-07-27,Payroll,0.0,14277.44,CHK-001,-14277.44,-1423815.92
2023-07-28,Inventory supplier payment,0.0,9079.83,CHK-001,-9079.83,-1432895.75
2023-07-28,Sales sweep deposit,4608.18,0.0,CHK-001,4608.18,-1428287.57
2023-08-01,Sales sweep deposit,5379.41,0.0,CHK-001,5379.41,-1422908.16
2023-08-01,Store & warehouse rent,0.0,21090.0,CHK-001,-21090.0,-1443998.16
2023-08-04,Sales sweep deposit,5857.5,0.0,CHK-001,5857.5,-1438140.66
2023-08-08,Sales sweep deposit,5419.03,0.0,CHK-001,5419.03,-1432721.6300000001
2023-08-09,Refunds / chargeback reversal,352.01,0.0,CHK-001,352.01,-1432369.62
2023-08-10,Payroll,0.0,13446.9,CHK-001,-13446.9,-1445816.52
2023-08-10,Utilities (power/water/internet),0.0,2423.63,CHK-001,-2423.63,-1448240.15
2023-08-11,Sales sweep deposit,4847.16,0.0,CHK-001,4847.16,-1443392.99
2023-08-15,Inventory supplier payment,0.0,11970.52,CHK-001,-11970.52,-1455363.51
2023-08-15,Sales sweep deposit,5620.69,0.0,CHK-001,5620.69,-1449742.82
2023-08-18,Sales sweep deposit,4553.17,0.0,CHK-001,4553.17,-1445189.65
2023-08-21,Misc operating expense,0.0,1199.18,CHK-001,-1199.18,-1446388.83
2023-08-22,Sales sweep deposit,4814.17,0.0,CHK-001,4814.17,-1441574.66
2023-08-24,Payroll,0.0,12648.96,CHK-001,-12648.96,-1454223.62
2023-08-25,Sales sweep deposit,5282.94,0.0,CHK-001,5282.94,-1448940.68
2023-08-26,Refunds / chargeback reversal,439.76,0.0,CHK-001,439.76,-1448500.92
2023-08-28,Inventory supplier payment,0.0,12165.06,CHK-001,-12165.06,-1460665.98
2023-08-29,Sales sweep deposit,5059.95,0.0,CHK-001,5059.95,-1455606.03
2023-09-01,Sales sweep deposit,4235.59,0.0,CHK-001,4235.59,-1451370.44
2023-09-01,Store & warehouse rent,0.0,21090.0,CHK-001,-21090.0,-1472460.44
2023-09-05,Sales sweep deposit,5922.61,0.0,CHK-001,5922.61,-1466537.83
2023-09-07,Payroll,0.0,13900.42,CHK-001,-13900.42,-1480438.25
2023-09-08,Sales sweep deposit,6226.3,0.0,CHK-001,6226.3,-1474211.95
2023-09-12,Sales sweep deposit,5604.02,0.0,CHK-001,5604.02,-1468607.93
2023-09-15,Inventory supplier payment,0.0,10893.21,CHK-001,-10893.21,-1479501.1400000001
2023-09-15,Sales sweep deposit,4517.07,0.0,CHK-001,4517.07,-1474984.07
2023-09-17,Sales sweep deposit,4375.54,0.0,CHK-001,4375.54,-1470608.53
2023-09-19,Sales sweep deposit,4620.74,0.0,CHK-001,4620.74,-1465987.79
2023-09-20,Misc operating expense,0.0,429.87,CHK-001,-429.87,-1466417.66
2023-09-21,Payroll,0.0,13680.36,CHK-001,-13680.36,-1480098.02
2023-09-22,Sales sweep deposit,4861.98,0.0,CHK-001,4861.98,-1475236.04
2023-09-26,Sales sweep deposit,4509.03,0.0,CHK-001,4509.03,-1470727.01
2023-09-28,Inventory supplier payment,0.0,12375.03,CHK-001,-12375.03,-1483102.04
2023-09-29,Sales sweep deposit,4518.05,0.0,CHK-001,4518.05,-1478583.99
2023-10-01,Sales sweep deposit,4803.83,0.0,CHK-001,4803.83,-1473780.16
2023-10-02,Store & warehouse rent,0.0,21090.0,CHK-001,-21090.0,-1494870.16
2023-10-03,Sales sweep deposit,4014.9,0.0,CHK-001,4014.9,-1490855.26
2023-10-03,Store & warehouse rent,0.0,21090.0,CHK-001,-21090.0,-1511945.26
2023-10-05,Payroll,0.0,12730.35,CHK-001,-12730.35,-1524675.61
2023-10-06,Sales sweep deposit,5498.57,0.0,CHK-001,5498.57,-1519177.04
2023-10-09,Misc operating expense,0.0,903.43,CHK-001,-903.43,-1520080.47
2023-10-10,Sales sweep deposit,4664.88,0.0,CHK-001,4664.88,-1515415.59
2023-10-10,Utilities (power/water/internet),0.0,2603.09,CHK-001,-2603.09,-1518018.68
2023-10-13,Sales sweep deposit,4925.33,0.0,CHK-001,4925.33,-1513093.35
2023-10-15,Inventory supplier payment,0.0,10471.49,CHK-001,-10471.49,-1523564.84
2023-10-16,Misc operating expense,0.0,1280.5,CHK-001,-1280.5,-1524845.34
2023-10-17,Sales sweep deposit,5684.28,0.0,CHK-001,5684.28,-1519161.06
2023-10-19,Payroll,0.0,13948.4,CHK-001,-13948.4,-1533109.46
2023-10-20,Sales sweep deposit,4494.77,0.0,CHK-001,4494.77,-1528614.69
2023-10-22,Sales sweep deposit,4870.84,0.0,CHK-001,4870.84,-1523743.85
2023-10-24,Sales sweep deposit,4203.1,0.0,CHK-001,4203.1,-1519540.75
2023-10-27,Sales sweep deposit,5113.48,0.0,CHK-001,5113.48,-1514427.27
2023-10-28,Inventory supplier payment,0.0,8768.34,CHK-001,-8768.34,-1523195.61
2023-10-31,Sales sweep deposit,5111.23,0.0,CHK-001,5111.23,-1518084.3800000001
2023-11-01,Store & warehouse rent,0.0,21090.0,CHK-001,-21090.0,-1539174.3800000001
2023-11-02,Payroll,0.0,14654.37,CHK-001,-14654.37,-1553828.75
2023-11-03,Sales sweep deposit,5671.91,0.0,CHK-001,5671.91,-1548156.84
2023-11-07,Sales sweep deposit,6113.37,0.0,CHK-001,6113.37,-1542043.47
2023-11-10,Sales sweep deposit,5547.01,0.0,CHK-001,5547.01,-1536496.46
2023-11-10,Utilities (power/water/internet),0.0,2747.18,CHK-001,-2747.18,-1539243.6400000001
2023-11-14,Sales sweep deposit,6228.84,0.0,CHK-001,6228.84,-1533014.8
2023-11-15,Inventory supplier payment,0.0,12516.57,CHK-001,-12516.57,-1545531.37
2023-11-16,Payroll,0.0,12433.59,CHK-001,-12433.59,-1557964.96
2023-11-17,Sales sweep deposit,6995.55,0.0,CHK-001,6995.55,-1550969.41
2023-11-21,Sales sweep deposit,5479.09,0.0,CHK-001,5479.09,-1545490.32
2023-11-23,Refunds / chargeback reversal,246.62,0.0,CHK-001,246.62,-1545243.7
2023-11-24,Sales sweep deposit,4685.51,0.0,CHK-001,4685.51,-1540558.19
2023-11-28,Inventory supplier payment,0.0,13974.62,CHK-001,-13974.62,-1554532.81
2023-11-28,Sales sweep deposit,6891.26,0.0,CHK-001,6891.26,-1547641.55
2023-11-30,Payroll,0.0,13691.47,CHK-001,-13691.47,-1561333.02
2023-12-01,Sales sweep deposit,6681.22,0.0,CHK-001,6681.22,-1554651.8
2023-12-01,Store & warehouse rent,0.0,21090.0,CHK-001,-21090.0,-1575741.8
2023-12-02,Refunds / chargeback reversal,203.66,0.0,CHK-001,203.66,-1575538.1400000001
2023-12-05,Sales sweep deposit,6468.29,0.0,CHK-001,6468.29,-1569069.85
2023-12-06,Misc operating expense,0.0,1154.83,CHK-001,-1154.83,-1570224.68
2023-12-06,Refunds / chargeback reversal,207.16,0.0,CHK-001,207.16,-1570017.52
2023-12-08,Sales sweep deposit,5755.67,0.0,CHK-001,5755.67,-1564261.85
2023-12-12,Sales sweep deposit,6837.46,0.0,CHK-001,6837.46,-1557424.3900000001
2023-12-14,Payroll,0.0,13856.23,CHK-001,-13856.23,-1571280.62
2023-12-15,Inventory supplier payment,0.0,13569.47,CHK-001,-13569.47,-1584850.09
2023-12-15,Sales sweep deposit,6461.62,0.0,CHK-001,6461.62,-1578388.47
2023-12-19,Sales sweep deposit,5389.98,0.0,CHK-001,5389.98,-1572998.49
2023-12-22,Sales sweep deposit,6905.76,0.0,CHK-001,6905.76,-1566092.73
2023-12-26,Sales sweep deposit,6086.01,0.0,CHK-001,6086.01,-1560006.72
2023-12-28,Inventory supplier payment,0.0,13289.68,CHK-001,-13289.68,-1573296.4
2023-12-28,Payroll,0.0,13681.82,CHK-001,-13681.82,-1586978.22
2023-12-29,Sales sweep deposit,5196.44,0.0,CHK-001,5196.44,-1581781.78
2024-01-01,Store & warehouse rent,0.0,21830.0,CHK-001,-21830.0,-1603611.78
2024-01-02,Sales sweep deposit,5667.18,0.0,CHK-001,5667.18,-1597944.6
2024-01-05,Sales sweep deposit,4462.13,0.0,CHK-001,4462.13,-1593482.47
2024-01-07,Sales sweep deposit,5784.7,0.0,CHK-001,5784.7,-1587697.77
2024-01-08,Misc operating expense,0.0,1456.36,CHK-001,-1456.36,-1589154.1300000001
2024-01-09,Sales sweep deposit,4007.15,0.0,CHK-001,4007.15,-1585146.98
2024-01-10,Utilities (power/water/internet),0.0,2494.86,CHK-001,-2494.86,-1587641.84
2024-01-11,Payroll,0.0,13808.85,CHK-001,-13808.85,-1601450.69
2024-01-12,Sales sweep deposit,5546.13,0.0,CHK-001,5546.13,-1595904.56
2024-01-15,Inventory supplier payment,0.0,10752.62,CHK-001,-10752.62,-1606657.18
2024-01-16,Sales sweep deposit,4612.96,0.0,CHK-001,4612.96,-1602044.22
2024-01-19,Sales sweep deposit,4650.36,0.0,CHK-001,4650.36,-1597393.86
2024-01-23,Sales sweep deposit,4490.14,0.0,CHK-001,4490.14,-1592903.72
2024-01-25,Payroll,0.0,14222.72,CHK-001,-14222.72,-1607126.44
2024-01-26,Sales sweep deposit,5235.43,0.0,CHK-001,5235.43,-1601891.01
2024-01-28,Inventory supplier payment,0.0,10946.15,CHK-001,-10946.15,-1612837.16
2024-01-29,Misc operating expense,0.0,1902.45,CHK-001,-1902.45,-1614739.61
2024-01-30,Sales sweep deposit,5565.49,0.0,CHK-001,5565.49,-1609174.12
2024-01-31,Misc operating expense,0.0,2115.4,CHK-001,-2115.4,-1611289.52
2024-02-01,Store & warehouse rent,0.0,21830.0,CHK-001,-21830.0,-1633119.52
2024-02-02,Sales sweep deposit,5198.53,0.0,CHK-001,5198.53,-1627920.99
2024-02-06,Sales sweep deposit,5357.81,0.0,CHK-001,5357.81,-1622563.18
2024-02-07,Misc operating expense,0.0,1961.73,CHK-001,-1961.73,-1624524.91
2024-02-08,Payroll,0.0,13272.99,CHK-001,-13272.99,-1637797.9
2024-02-09,Sales sweep deposit,5015.81,0.0,CHK-001,5015.81,-1632782.09
2024-02-11,Sales sweep deposit,3998.73,0.0,CHK-001,3998.73,-1628783.36
2024-02-13,Sales sweep deposit,4223.15,0.0,CHK-001,4223.15,-1624560.21
2024-02-15,Inventory supplier payment,0.0,12180.19,CHK-001,-12180.19,-1636740.4
2024-02-16,Sales sweep deposit,4934.85,0.0,CHK-001,4934.85,-1631805.55
2024-02-19,Misc operating expense,0.0,624.73,CHK-001,-624.73,-1632430.28
2024-02-20,Sales sweep deposit,5433.29,0.0,CHK-001,5433.29,-1626996.99
2024-02-22,Payroll,0.0,13681.51,CHK-001,-13681.51,-1640678.5
2024-02-23,Sales sweep deposit,4916.29,0.0,CHK-001,4916.29,-1635762.21
2024-02-27,Sales sweep deposit,5322.15,0.0,CHK-001,5322.15,-1630440.06
2024-02-28,Inventory supplier payment,0.0,11422.01,CHK-001,-11422.01,-1641862.07
2024-03-01,Sales sweep deposit,5942.42,0.0,CHK-001,5942.42,-1635919.65
2024-03-01,Store & warehouse rent,0.0,21830.0,CHK-001,-21830.0,-1657749.65
2024-03-05,Sales sweep deposit,5225.17,0.0,CHK-001,5225.17,-1652524.48
2024-03-07,Payroll,0.0,15319.08,CHK-001,-15319.08,-1667843.56
2024-03-08,Sales sweep deposit,5722.25,0.0,CHK-001,5722.25,-1662121.31
2024-03-12,Sales sweep deposit,5611.14,0.0,CHK-001,5611.14,-1656510.17
2024-03-15,Inventory supplier payment,0.0,9592.94,CHK-001,-9592.94,-1666103.11
2024-03-15,Sales sweep deposit,5092.48,0.0,CHK-001,5092.48,-1661010.6300000001
2024-03-19,Sales sweep deposit,4205.3,0.0,CHK-001,4205.3,-1656805.33
2024-03-20,Misc operating expense,0.0,1423.15,CHK-001,-1423.15,-1658228.48
2024-03-21,Payroll,0.0,13550.07,CHK-001,-13550.07,-1671778.55
2024-03-22,Sales sweep deposit,4613.79,0.0,CHK-001,4613.79,-1667164.76
2024-03-26,Sales sweep deposit,5105.79,0.0,CHK-001,5105.79,-1662058.97
2024-03-28,Inventory supplier payment,0.0,11930.61,CHK-001,-11930.61,-1673989.58
2024-03-29,Sales sweep deposit,5151.12,0.0,CHK-001,5151.12,-1668838.46
2024-04-01,Store & warehouse rent,0.0,21830.0,CHK-001,-21830.0,-1690668.46
2024-04-02,Sales sweep deposit,5474.06,0.0,CHK-001,5474.06,-1685194.4
2024-04-04,Payroll,0.0,14729.88,CHK-001,-14729.88,-1699924.28
2024-04-05,Sales sweep deposit,4272.59,0.0,CHK-001,4272.59,-1695651.69
2024-04-09,Sales sweep deposit,3993.23,0.0,CHK-001,3993.23,-1691658.46
2024-04-10,Utilities (power/water/internet),0.0,2484.24,CHK-001,-2484.24,-1694142.7
2024-04-12,Sales sweep deposit,5043.58,0.0,CHK-001,5043.58,-1689099.12
2024-04-15,Inventory supplier payment,0.0,9411.5,CHK-001,-9411.5,-1698510.62
2024-04-16,Sales sweep deposit,5773.06,0.0,CHK-001,5773.06,-1692737.56
2024-04-18,Payroll,0.0,12949.75,CHK-001,-12949.75,-1705687.31
2024-04-19,Sales sweep deposit,5853.83,0.0,CHK-001,5853.83,-1699833.48
2024-04-23,Sales sweep deposit,5752.57,0.0,CHK-001,5752.57,-1694080.91
2024-04-26,Sales sweep deposit,5300.13,0.0,CHK-001,5300.13,-1688780.78
2024-04-28,Inventory supplier payment,0.0,10639.47,CHK-001,-10639.47,-1699420.25
2024-04-30,Sales sweep deposit,5462.22,0.0,CHK-001,5462.22,-1693958.03
2024-05-01,Store & warehouse rent,0.0,21830.0,CHK-001,-21830.0,-1715788.03
2024-05-02,Payroll,0.0,13802.54,CHK-001,-13802.54,-1729590.57
2024-05-03,Sales sweep deposit,5206.44,0.0,CHK-001,5206.44,-1724384.1300000001
2024-05-05,Refunds / chargeback reversal,124.32,0.0,CHK-001,124.32,-1724259.81
2024-05-07,Sales sweep deposit,4230.19,0.0,CHK-001,4230.19,-1720029.62
2024-05-08,Misc operating expense,0.0,1822.26,CHK-001,-1822.26,-1721851.8800000001
2024-05-10,Sales sweep deposit,5411.55,0.0,CHK-001,5411.55,-1716440.33
2024-05-10,Utilities (power/water/internet),0.0,2489.86,CHK-001,-2489.86,-1718930.19
2024-05-14,Sales sweep deposit,5761.26,0.0,CHK-001,5761.26,-1713168.93
2024-05-15,Inventory supplier payment,0.0,9300.59,CHK-001,-9300.59,-1722469.52
2024-05-16,Payroll,0.0,12765.38,CHK-001,-12765.38,-1735234.9
2024-05-17,Sales sweep deposit,4069.11,0.0,CHK-001,4069.11,-1731165.79
2024-05-20,Misc operating expense,0.0,769.84,CHK-001,-769.84,-1731935.6300000001
2024-05-21,Sales sweep deposit,4623.76,0.0,CHK-001,4623.76,-1727311.87
2024-05-24,Sales sweep deposit,4692.07,0.0,CHK-001,4692.07,-1722619.8
2024-05-28,Inventory supplier payment,0.0,10206.07,CHK-001,-10206.07,-1732825.87
2024-05-28,Sales sweep deposit,5750.79,0.0,CHK-001,5750.79,-1727075.08
2024-05-29,Misc operating expense,0.0,1226.04,CHK-001,-1226.04,-1728301.12
2024-05-30,Payroll,0.0,13528.61,CHK-001,-13528.61,-1741829.73
2024-05-31,Sales sweep deposit,4073.57,0.0,CHK-001,4073.57,-1737756.16
2024-06-03,Store & warehouse rent,0.0,21830.0,CHK-001,-21830.0,-1759586.16
2024-06-04,Sales sweep deposit,4317.85,0.0,CHK-001,4317.85,-1755268.31
2024-06-07,Sales sweep deposit,5022.15,0.0,CHK-001,5022.15,-1750246.16
2024-06-09,Sales sweep deposit,4905.79,0.0,CHK-001,4905.79,-1745340.37
2024-06-10,Utilities (power/water/internet),0.0,2716.86,CHK-001,-2716.86,-1748057.23
2024-06-11,Refunds / chargeback reversal,213.93,0.0,CHK-001,213.93,-1747843.3
2024-06-11,Sales sweep deposit,4601.93,0.0,CHK-001,4601.93,-1743241.37
2024-06-13,Payroll,0.0,15290.25,CHK-001,-15290.25,-1758531.62
2024-06-14,Sales sweep deposit,5442.36,0.0,CHK-001,5442.36,-1753089.26
2024-06-15,Inventory supplier payment,0.0,11927.98,CHK-001,-11927.98,-1765017.24
2024-06-16,Sales sweep deposit,5742.58,0.0,CHK-001,5742.58,-1759274.66
2024-06-18,Sales sweep deposit,5574.1,0.0,CHK-001,5574.1,-1753700.56
2024-06-21,Sales sweep deposit,4029.43,0.0,CHK-001,4029.43,-1749671.1300000001
2024-06-25,Sales sweep deposit,5127.61,0.0,CHK-001,5127.61,-1744543.52
2024-06-27,Payroll,0.0,15377.91,CHK-001,-15377.91,-1759921.43
2024-06-28,Inventory supplier payment,0.0,12136.43,CHK-001,-12136.43,-1772057.86
2024-06-28,Sales sweep deposit,5290.8,0.0,CHK-001,5290.8,-1766767.06
2024-06-29,Refunds / chargeback reversal,239.72,0.0,CHK-001,239.72,-1766527.34
2024-07-01,Store & warehouse rent,0.0,21830.0,CHK-001,-21830.0,-1788357.34
2024-07-02,Sales sweep deposit,3996.01,0.0,CHK-001,3996.01,-1784361.33
2024-07-05,Sales sweep deposit,5809.5,0.0,CHK-001,5809.5,-1778551.83
2024-07-07,Sales sweep deposit,5295.89,0.0,CHK-001,5295.89,-1773255.94
2024-07-08,Misc operating expense,0.0,981.05,CHK-001,-981.05,-1774236.99
2024-07-09,Sales sweep deposit,5934.69,0.0,CHK-001,5934.69,-1768302.3
2024-07-10,Utilities (power/water/internet),0.0,2486.12,CHK-001,-2486.12,-1770788.42
2024-07-11,Payroll,0.0,14801.28,CHK-001,-14801.28,-1785589.7
2024-07-12,Sales sweep deposit,4498.4,0.0,CHK-001,4498.4,-1781091.3
2024-07-14,Sales sweep deposit,5052.66,0.0,CHK-001,5052.66,-1776038.6400000001
2024-07-15,Inventory supplier payment,0.0,11598.69,CHK-001,-11598.69,-1787637.33
2024-07-15,Misc operating expense,0.0,1181.2,CHK-001,-1181.2,-1788818.53
2024-07-16,Sales sweep deposit,4439.65,0.0,CHK-001,4439.65,-1784378.8800000001
2024-07-19,Sales sweep deposit,4435.94,0.0,CHK-001,4435.94,-1779942.94
2024-07-21,Sales sweep deposit,4961.78,0.0,CHK-001,4961.78,-1774981.16
2024-07-23,Sales sweep deposit,5387.24,0.0,CHK-001,5387.24,-1769593.92
2024-07-25,Payroll,0.0,13981.36,CHK-001,-13981.36,-1783575.28
2024-07-26,Sales sweep deposit,5121.89,0.0,CHK-001,5121.89,-1778453.3900000001
2024-07-28,Inventory supplier payment,0.0,11824.99,CHK-001,-11824.99,-1790278.3800000001
2024-07-30,Sales sweep deposit,5050.24,0.0,CHK-001,5050.24,-1785228.1400000001
2024-08-01,Store & warehouse rent,0.0,21830.0,CHK-001,-21830.0,-1807058.1400000001
2024-08-02,Sales sweep deposit,4829.96,0.0,CHK-001,4829.96,-1802228.18
2024-08-06,Sales sweep deposit,5874.49,0.0,CHK-001,5874.49,-1796353.69
2024-08-08,Payroll,0.0,14147.52,CHK-001,-14147.52,-1810501.21
2024-08-09,Sales sweep deposit,6343.42,0.0,CHK-001,6343.42,-1804157.79
2024-08-13,Sales sweep deposit,5193.9,0.0,CHK-001,5193.9,-1798963.8900000001
2024-08-15,Inventory supplier payment,0.0,12383.79,CHK-001,-12383.79,-1811347.68
2024-08-16,Sales sweep deposit,5363.31,0.0,CHK-001,5363.31,-1805984.37
2024-08-18,Sales sweep deposit,4634.02,0.0,CHK-001,4634.02,-1801350.35
2024-08-20,Sales sweep deposit,4477.23,0.0,CHK-001,4477.23,-1796873.12
2024-08-22,Payroll,0.0,14186.89,CHK-001,-14186.89,-1811060.01
2024-08-23,Sales sweep deposit,4864.07,0.0,CHK-001,4864.07,-1806195.94
2024-08-25,Sales sweep deposit,5933.35,0.0,CHK-001,5933.35,-1800262.59
2024-08-27,Sales sweep deposit,5278.55,0.0,CHK-001,5278.55,-1794984.04
2024-08-28,Inventory supplier payment,0.0,11159.35,CHK-001,-11159.35,-1806143.3900000001
2024-08-30,Sales sweep deposit,5679.84,0.0,CHK-001,5679.84,-1800463.55
2024-09-02,Store & warehouse rent,0.0,21830.0,CHK-001,-21830.0,-1822293.55
2024-09-03,Sales sweep deposit,4588.26,0.0,CHK-001,4588.26,-1817705.29
2024-09-03,Store & warehouse rent,0.0,21830.0,CHK-001,-21830.0,-1839535.29
2024-09-05,Payroll,0.0,13282.08,CHK-001,-13282.08,-1852817.37
2024-09-06,Sales sweep deposit,5205.92,0.0,CHK-001,5205.92,-1847611.45
2024-09-09,Misc operating expense,0.0,490.88,CHK-001,-490.88,-1848102.33
2024-09-10,Sales sweep deposit,5076.72,0.0,CHK-001,5076.72,-1843025.61
2024-09-10,Utilities (power/water/internet),0.0,2705.48,CHK-001,-2705.48,-1845731.09
2024-09-13,Sales sweep deposit,6300.28,0.0,CHK-001,6300.28,-1839430.81
2024-09-15,Inventory supplier payment,0.0,12543.38,CHK-001,-12543.38,-1851974.19
2024-09-15,Sales sweep deposit,6168.35,0.0,CHK-001,6168.35,-1845805.84
2024-09-17,Sales sweep deposit,5452.16,0.0,CHK-001,5452.16,-1840353.68
2024-09-19,Payroll,0.0,12976.35,CHK-001,-12976.35,-1853330.03
2024-09-20,Sales sweep deposit,6324.54,0.0,CHK-001,6324.54,-1847005.49
2024-09-24,Sales sweep deposit,6487.57,0.0,CHK-001,6487.57,-1840517.92
2024-09-27,Sales sweep deposit,6008.59,0.0,CHK-001,6008.59,-1834509.33
2024-09-28,Inventory supplier payment,0.0,12736.47,CHK-001,-12736.47,-1847245.8
2024-10-01,Sales sweep deposit,4906.78,0.0,CHK-001,4906.78,-1842339.02
2024-10-01,Store & warehouse rent,0.0,21830.0,CHK-001,-21830.0,-1864169.02
2024-10-03,Payroll,0.0,12830.48,CHK-001,-12830.48,-1876999.5
2024-10-04,Sales sweep deposit,4604.05,0.0,CHK-001,4604.05,-1872395.45
2024-10-06,Sales sweep deposit,5792.31,0.0,CHK-001,5792.31,-1866603.1400000001
2024-10-07,Misc operating expense,0.0,1635.94,CHK-001,-1635.94,-1868239.08
2024-10-08,Sales sweep deposit,5806.07,0.0,CHK-001,5806.07,-1862433.01
2024-10-10,Utilities (power/water/internet),0.0,2701.15,CHK-001,-2701.15,-1865134.16
2024-10-11,Sales sweep deposit,5593.42,0.0,CHK-001,5593.42,-1859540.74
2024-10-15,Inventory supplier payment,0.0,10285.0,CHK-001,-10285.0,-1869825.74
2024-10-15,Sales sweep deposit,5295.38,0.0,CHK-001,5295.38,-1864530.36
2024-10-16,Misc operating expense,0.0,1403.64,CHK-001,-1403.64,-1865934.0
2024-10-17,Payroll,0.0,13923.31,CHK-001,-13923.31,-1879857.31
2024-10-18,Sales sweep deposit,5222.48,0.0,CHK-001,5222.48,-1874634.83
2024-10-22,Sales sweep deposit,4250.04,0.0,CHK-001,4250.04,-1870384.79
2024-10-23,Misc operating expense,0.0,1251.99,CHK-001,-1251.99,-1871636.78
2024-10-25,Sales sweep deposit,4335.11,0.0,CHK-001,4335.11,-1867301.67
2024-10-28,Inventory supplier payment,0.0,12094.38,CHK-001,-12094.38,-1879396.05
2024-10-29,Sales sweep deposit,4054.93,0.0,CHK-001,4054.93,-1875341.12
2024-10-31,Payroll,0.0,14782.79,CHK-001,-14782.79,-1890123.91
2024-11-01,Sales sweep deposit,6743.62,0.0,CHK-001,6743.62,-1883380.29
2024-11-01,Store & warehouse rent,0.0,21830.0,CHK-001,-21830.0,-1905210.29
2024-11-05,Sales sweep deposit,6654.93,0.0,CHK-001,6654.93,-1898555.36
2024-11-08,Sales sweep deposit,5153.82,0.0,CHK-001,5153.82,-1893401.54
2024-11-12,Sales sweep deposit,6071.63,0.0,CHK-001,6071.63,-1887329.91
2024-11-13,Refunds / chargeback reversal,452.42,0.0,CHK-001,452.42,-1886877.49
2024-11-14,Payroll,0.0,14331.29,CHK-001,-14331.29,-1901208.78
2024-11-15,Inventory supplier payment,0.0,13010.69,CHK-001,-13010.69,-1914219.47
2024-11-15,Sales sweep deposit,6526.58,0.0,CHK-001,6526.58,-1907692.8900000001
2024-11-19,Sales sweep deposit,6496.63,0.0,CHK-001,6496.63,-1901196.26
2024-11-22,Sales sweep deposit,6932.1,0.0,CHK-001,6932.1,-1894264.16
2024-11-24,Sales sweep deposit,7044.85,0.0,CHK-001,7044.85,-1887219.31
2024-11-26,Sales sweep deposit,4901.9,0.0,CHK-001,4901.9,-1882317.41
2024-11-28,Inventory supplier payment,0.0,13197.41,CHK-001,-13197.41,-1895514.82
2024-11-28,Payroll,0.0,15215.61,CHK-001,-15215.61,-1910730.43
2024-11-29,Sales sweep deposit,5116.69,0.0,CHK-001,5116.69,-1905613.74
2024-12-01,Sales sweep deposit,5332.19,0.0,CHK-001,5332.19,-1900281.55
2024-12-02,Store & warehouse rent,0.0,21830.0,CHK-001,-21830.0,-1922111.55
2024-12-03,Sales sweep deposit,5976.37,0.0,CHK-001,5976.37,-1916135.18
2024-12-03,Store & warehouse rent,0.0,21830.0,CHK-001,-21830.0,-1937965.18
2024-12-06,Sales sweep deposit,7149.43,0.0,CHK-001,7149.43,-1930815.75
2024-12-08,Sales sweep deposit,6632.16,0.0,CHK-001,6632.16,-1924183.59
2024-12-10,Sales sweep deposit,6864.42,0.0,CHK-001,6864.42,-1917319.17
2024-12-10,Utilities (power/water/internet),0.0,2577.99,CHK-001,-2577.99,-1919897.16
2024-12-12,Payroll,0.0,14776.71,CHK-001,-14776.71,-1934673.87
2024-12-13,Sales sweep deposit,4852.99,0.0,CHK-001,4852.99,-1929820.8800000001
2024-12-15,Inventory supplier payment,0.0,13418.1,CHK-001,-13418.1,-1943238.98
2024-12-17,Sales sweep deposit,5431.57,0.0,CHK-001,5431.57,-1937807.41
2024-12-20,Sales sweep deposit,6554.5,0.0,CHK-001,6554.5,-1931252.91
2024-12-22,Sales sweep deposit,6571.4,0.0,CHK-001,6571.4,-1924681.51
2024-12-24,Sales sweep deposit,5159.61,0.0,CHK-001,5159.61,-1919521.9
2024-12-26,Payroll,0.0,13300.36,CHK-001,-13300.36,-1932822.26
2024-12-27,Sales sweep deposit,5558.82,0.0,CHK-001,5558.82,-1927263.44
2024-12-28,Inventory supplier payment,0.0,13248.4,CHK-001,-13248.4,-1940511.84
2024-12-31,Sales sweep deposit,5358.45,0.0,CHK-001,5358.45,-1935153.3900000001
