date,description,charge,payment,card_id,net_change,rolling_balance
2019-01-01,Software subscriptions,768.71,0.0,CC-001,768.71,768.71
2019-01-03,E-comm shipping labels,287.53,0.0,CC-001,287.53,1056.24
2019-01-07,E-comm shipping labels,188.86,0.0,CC-001,188.86,1245.1
2019-01-09,Office & packaging supplies,119.61,0.0,CC-001,119.61,1364.71
2019-01-16,Office & packaging supplies,376.3,0.0,CC-001,376.3,1741.01
2019-01-17,E-comm shipping labels,215.81,0.0,CC-001,215.81,1956.8200000000002
2019-01-21,E-comm shipping labels,409.86,0.0,CC-001,409.86,2366.6800000000003
2019-01-24,E-comm shipping labels,578.41,0.0,CC-001,578.41,2945.09
2019-01-25,Digital advertising spend,1462.73,0.0,CC-001,1462.73,4407.82
2019-01-30,Office & packaging supplies,101.26,0.0,CC-001,101.26,4509.08
2019-01-31,E-comm shipping labels,195.32,0.0,CC-001,195.32,4704.400000000001
2019-02-01,Software subscriptions,904.14,0.0,CC-001,904.14,5608.54
2019-02-04,E-comm shipping labels,459.65,0.0,CC-001,459.65,6068.1900000000005
2019-02-05,Credit card payment,0.0,2949.32,CC-001,-2949.32,3118.87
2019-02-06,Office & packaging supplies,86.06,0.0,CC-001,86.06,3204.93
2019-02-12,Digital advertising spend,1322.59,0.0,CC-001,1322.59,4527.5199999999995
2019-02-14,E-comm shipping labels,467.94,0.0,CC-001,467.94,4995.46
2019-02-18,Digital advertising spend,1355.86,0.0,CC-001,1355.86,6351.32
2019-02-20,Credit card payment,0.0,2582.39,CC-001,-2582.39,3768.93
2019-02-21,E-comm shipping labels,468.48,0.0,CC-001,468.48,4237.41
2019-02-25,Digital advertising spend,753.67,0.0,CC-001,753.67,4991.08
2019-02-25,E-comm shipping labels,506.98,0.0,CC-001,506.98,5498.0599999999995
2019-02-27,Office & packaging supplies,404.24,0.0,CC-001,404.24,5902.3
2019-02-28,E-comm shipping labels,617.23,0.0,CC-001,617.23,6519.53
2019-03-01,Software subscriptions,449.58,0.0,CC-001,449.58,6969.11
2019-03-04,E-comm shipping labels,453.95,0.0,CC-001,453.95,7423.0599999999995
2019-03-05,Credit card payment,0.0,2786.28,CC-001,-2786.28,4636.78
2019-03-06,Office & packaging supplies,99.86,0.0,CC-001,99.86,4736.639999999999
2019-03-12,Digital advertising spend,1814.71,0.0,CC-001,1814.71,6551.349999999999
2019-03-13,Office & packaging supplies,435.38,0.0,CC-001,435.38,6986.73
2019-03-18,Digital advertising spend,2392.05,0.0,CC-001,2392.05,9378.779999999999
2019-03-18,E-comm shipping labels,592.5,0.0,CC-001,592.5,9971.279999999999
2019-03-18,Travel & meals,469.97,0.0,CC-001,469.97,10441.25
2019-03-20,Credit card payment,0.0,5327.28,CC-001,-5327.28,5113.97
2019-03-21,E-comm shipping labels,644.41,0.0,CC-001,644.41,5758.38
2019-03-25,Digital advertising spend,767.1,0.0,CC-001,767.1,6525.4800000000005
2019-03-25,E-comm shipping labels,164.08,0.0,CC-001,164.08,6689.56
2019-03-27,Office & packaging supplies,489.14,0.0,CC-001,489.14,7178.700000000001
2019-03-28,E-comm shipping labels,195.73,0.0,CC-001,195.73,7374.43
2019-04-01,E-comm shipping labels,289.25,0.0,CC-001,289.25,7663.68
2019-04-01,Software subscriptions,689.03,0.0,CC-001,689.03,8352.710000000001
2019-04-02,Travel & meals,353.69,0.0,CC-001,353.69,8706.4
2019-04-03,Office & packaging supplies,489.18,0.0,CC-001,489.18,9195.58
2019-04-05,Credit card payment,0.0,8324.15,CC-001,-8324.15,871.4300000000003
2019-04-08,E-comm shipping labels,223.48,0.0,CC-001,223.48,1094.9100000000003
2019-04-08,Travel & meals,1830.06,0.0,CC-001,1830.06,2924.9700000000003
2019-04-12,Digital advertising spend,2040.4,0.0,CC-001,2040.4,4965.370000000001
2019-04-15,E-comm shipping labels,265.63,0.0,CC-001,265.63,5231.0
2019-04-18,Digital advertising spend,935.54,0.0,CC-001,935.54,6166.54
2019-04-18,E-comm shipping labels,510.28,0.0,CC-001,510.28,6676.820000000001
2019-04-22,E-comm shipping labels,527.52,0.0,CC-001,527.52,7204.34
2019-04-24,Office & packaging supplies,86.0,0.0,CC-001,86.0,7290.34
2019-04-25,Digital advertising spend,662.55,0.0,CC-001,662.55,7952.89
2019-04-25,E-comm shipping labels,144.64,0.0,CC-001,144.64,8097.530000000001
2019-04-29,E-comm shipping labels,644.96,0.0,CC-001,644.96,8742.49
2019-05-01,Software subscriptions,484.85,0.0,CC-001,484.85,9227.34
2019-05-06,E-comm shipping labels,560.93,0.0,CC-001,560.93,9788.27
2019-05-07,Travel & meals,833.5,0.0,CC-001,833.5,10621.77
2019-05-08,Office & packaging supplies,351.54,0.0,CC-001,351.54,10973.31
2019-05-15,Office & packaging supplies,435.48,0.0,CC-001,435.48,11408.79
2019-05-16,E-comm shipping labels,179.18,0.0,CC-001,179.18,11587.970000000001
2019-05-20,Credit card payment,0.0,7452.47,CC-001,-7452.47,4135.5
2019-05-20,E-comm shipping labels,218.67,0.0,CC-001,218.67,4354.17
2019-05-22,Office & packaging supplies,341.46,0.0,CC-001,341.46,4695.63
2019-05-27,E-comm shipping labels,158.83,0.0,CC-001,158.83,4854.46
2019-05-29,Office & packaging supplies,170.37,0.0,CC-001,170.37,5024.83
2019-05-30,E-comm shipping labels,129.18,0.0,CC-001,129.18,5154.01
2019-06-01,Software subscriptions,455.76,0.0,CC-001,455.76,5609.77
2019-06-03,E-comm shipping labels,156.19,0.0,CC-001,156.19,5765.96
2019-06-05,Credit card payment,0.0,4808.72,CC-001,-4808.72,957.2399999999998
2019-06-05,Office & packaging supplies,135.47,0.0,CC-001,135.47,1092.7099999999998
2019-06-06,E-comm shipping labels,146.85,0.0,CC-001,146.85,1239.5599999999997
2019-06-10,E-comm shipping labels,502.22,0.0,CC-001,502.22,1741.7799999999997
2019-06-12,Digital advertising spend,2202.37,0.0,CC-001,2202.37,3944.1499999999996
2019-06-12,Office & packaging supplies,517.68,0.0,CC-001,517.68,4461.83
2019-06-17,E-comm shipping labels,240.0,0.0,CC-001,240.0,4701.83
2019-06-18,Digital advertising spend,723.46,0.0,CC-001,723.46,5425.29
2019-06-19,Office & packaging supplies,81.47,0.0,CC-001,81.47,5506.759999999999
2019-06-20,Credit card payment,0.0,8312.44,CC-001,-8312.44,-2805.680000000001
2019-06-20,E-comm shipping labels,396.41,0.0,CC-001,396.41,-2409.2700000000013
2019-06-24,E-comm shipping labels,568.16,0.0,CC-001,568.16,-1841.1100000000013
2019-06-25,Digital advertising spend,2179.28,0.0,CC-001,2179.28,338.16999999999894
2019-06-26,Office & packaging supplies,394.36,0.0,CC-001,394.36,732.529999999999
2019-07-01,E-comm shipping labels,577.53,0.0,CC-001,577.53,1310.059999999999
2019-07-01,Software subscriptions,350.98,0.0,CC-001,350.98,1661.039999999999
2019-07-03,Office & packaging supplies,170.59,0.0,CC-001,170.59,1831.629999999999
2019-07-04,E-comm shipping labels,325.74,0.0,CC-001,325.74,2157.369999999999
2019-07-05,Credit card payment,0.0,2852.02,CC-001,-2852.02,-694.650000000001
2019-07-08,E-comm shipping labels,243.26,0.0,CC-001,243.26,-451.390000000001
2019-07-12,Digital advertising spend,1360.5,0.0,CC-001,1360.5,909.109999999999
2019-07-18,Digital advertising spend,2372.76,0.0,CC-001,2372.76,3281.869999999999
2019-07-22,E-comm shipping labels,469.36,0.0,CC-001,469.36,3751.229999999999
2019-07-24,Office & packaging supplies,200.48,0.0,CC-001,200.48,3951.709999999999
2019-07-25,Digital advertising spend,1373.09,0.0,CC-001,1373.09,5324.799999999999
2019-07-25,E-comm shipping labels,522.12,0.0,CC-001,522.12,5846.919999999999
2019-07-29,E-comm shipping labels,614.25,0.0,CC-001,614.25,6461.169999999999
2019-07-31,Office & packaging supplies,331.63,0.0,CC-001,331.63,6792.799999999999
2019-08-01,E-comm shipping labels,187.92,0.0,CC-001,187.92,6980.719999999998
2019-08-01,Software subscriptions,422.55,0.0,CC-001,422.55,7403.269999999999
2019-08-05,Credit card payment,0.0,8634.37,CC-001,-8634.37,-1231.1000000000022
2019-08-05,E-comm shipping labels,623.36,0.0,CC-001,623.36,-607.7400000000022
2019-08-07,Office & packaging supplies,301.04,0.0,CC-001,301.04,-306.70000000000215
2019-08-08,E-comm shipping labels,508.43,0.0,CC-001,508.43,201.72999999999786
2019-08-12,Digital advertising spend,1612.48,0.0,CC-001,1612.48,1814.2099999999978
2019-08-12,E-comm shipping labels,551.32,0.0,CC-001,551.32,2365.529999999998
2019-08-14,Office & packaging supplies,110.77,0.0,CC-001,110.77,2476.299999999998
2019-08-15,E-comm shipping labels,370.71,0.0,CC-001,370.71,2847.009999999998
2019-08-20,Credit card payment,0.0,2734.99,CC-001,-2734.99,112.01999999999816
2019-08-20,Travel & meals,1448.05,0.0,CC-001,1448.05,1560.0699999999981
2019-08-21,Office & packaging supplies,483.08,0.0,CC-001,483.08,2043.149999999998
2019-08-22,E-comm shipping labels,270.85,0.0,CC-001,270.85,2313.999999999998
2019-08-26,E-comm shipping labels,232.4,0.0,CC-001,232.4,2546.3999999999983
2019-08-28,Office & packaging supplies,252.44,0.0,CC-001,252.44,2798.8399999999983
2019-08-29,E-comm shipping labels,222.28,0.0,CC-001,222.28,3021.119999999998
2019-09-01,Software subscriptions,934.6,0.0,CC-001,934.6,3955.7199999999984
2019-09-04,Office & packaging supplies,393.26,0.0,CC-001,393.26,4348.979999999998
2019-09-04,Travel & meals,360.1,0.0,CC-001,360.1,4709.079999999998
2019-09-05,Credit card payment,0.0,7834.87,CC-001,-7834.87,-3125.790000000002
2019-09-05,E-comm shipping labels,323.07,0.0,CC-001,323.07,-2802.7200000000016
2019-09-09,E-comm shipping labels,128.54,0.0,CC-001,128.54,-2674.1800000000017
2019-09-11,Office & packaging supplies,372.19,0.0,CC-001,372.19,-2301.9900000000016
2019-09-12,Digital advertising spend,754.65,0.0,CC-001,754.65,-1547.340000000002
2019-09-12,E-comm shipping labels,262.5,0.0,CC-001,262.5,-1284.840000000002
2019-09-16,E-comm shipping labels,649.93,0.0,CC-001,649.93,-634.9100000000019
2019-09-18,Digital advertising spend,2103.17,0.0,CC-001,2103.17,1468.2599999999982
2019-09-18,Office & packaging supplies,454.12,0.0,CC-001,454.12,1922.3799999999983
2019-09-19,E-comm shipping labels,220.01,0.0,CC-001,220.01,2142.389999999998
2019-09-20,Credit card payment,0.0,3900.97,CC-001,-3900.97,-1758.5800000000017
2019-09-23,E-comm shipping labels,204.02,0.0,CC-001,204.02,-1554.5600000000018
2019-09-25,Digital advertising spend,1327.02,0.0,CC-001,1327.02,-227.54000000000178
2019-09-25,Office & packaging supplies,356.51,0.0,CC-001,356.51,128.9699999999982
2019-09-26,E-comm shipping labels,565.29,0.0,CC-001,565.29,694.2599999999982
2019-09-26,Travel & meals,1874.79,0.0,CC-001,1874.79,2569.0499999999984
2019-09-30,E-comm shipping labels,427.5,0.0,CC-001,427.5,2996.5499999999984
2019-10-01,Software subscriptions,454.41,0.0,CC-001,454.41,3450.959999999998
2019-10-02,Travel & meals,335.09,0.0,CC-001,335.09,3786.0499999999984
2019-10-03,E-comm shipping labels,401.9,0.0,CC-001,401.9,4187.949999999998
2019-10-07,E-comm shipping labels,320.49,0.0,CC-001,320.49,4508.439999999998
2019-10-09,Office & packaging supplies,437.34,0.0,CC-001,437.34,4945.779999999998
2019-10-10,E-comm shipping labels,601.46,0.0,CC-001,601.46,5547.239999999998
2019-10-14,E-comm shipping labels,541.79,0.0,CC-001,541.79,6089.029999999998
2019-10-16,Office & packaging supplies,503.11,0.0,CC-001,503.11,6592.1399999999985
2019-10-17,E-comm shipping labels,145.65,0.0,CC-001,145.65,6737.789999999998
2019-10-18,Digital advertising spend,1943.3,0.0,CC-001,1943.3,8681.089999999998
2019-10-21,E-comm shipping labels,496.37,0.0,CC-001,496.37,9177.459999999997
2019-10-23,Office & packaging supplies,505.45,0.0,CC-001,505.45,9682.909999999998
2019-10-24,E-comm shipping labels,138.65,0.0,CC-001,138.65,9821.559999999998
2019-10-25,Digital advertising spend,760.29,0.0,CC-001,760.29,10581.849999999999
2019-10-31,E-comm shipping labels,331.02,0.0,CC-001,331.02,10912.869999999999
2019-11-01,Software subscriptions,374.31,0.0,CC-001,374.31,11287.179999999998
2019-11-04,E-comm shipping labels,645.1,0.0,CC-001,645.1,11932.279999999999
2019-11-05,Credit card payment,0.0,4025.97,CC-001,-4025.97,7906.309999999999
2019-11-06,Office & packaging supplies,283.86,0.0,CC-001,283.86,8190.169999999998
2019-11-07,E-comm shipping labels,571.2,0.0,CC-001,571.2,8761.369999999999
2019-11-11,E-comm shipping labels,579.12,0.0,CC-001,579.12,9340.489999999998
2019-11-12,Digital advertising spend,2701.6,0.0,CC-001,2701.6,12042.089999999998
2019-11-13,Office & packaging supplies,366.86,0.0,CC-001,366.86,12408.949999999999
2019-11-14,E-comm shipping labels,563.13,0.0,CC-001,563.13,12972.079999999998
2019-11-18,Digital advertising spend,994.74,0.0,CC-001,994.74,13966.819999999998
2019-11-20,Credit card payment,0.0,3308.98,CC-001,-3308.98,10657.839999999998
2019-11-20,Office & packaging supplies,473.52,0.0,CC-001,473.52,11131.359999999999
2019-11-21,E-comm shipping labels,456.7,0.0,CC-001,456.7,11588.059999999998
2019-11-25,Digital advertising spend,1396.65,0.0,CC-001,1396.65,12984.71
2019-11-25,E-comm shipping labels,550.48,0.0,CC-001,550.48,13535.189999999999
2019-11-27,Office & packaging supplies,116.69,0.0,CC-001,116.69,13651.88
2019-11-28,E-comm shipping labels,514.62,0.0,CC-001,514.62,14166.499999999998
2019-12-01,Software subscriptions,483.31,0.0,CC-001,483.31,14649.809999999998
2019-12-02,E-comm shipping labels,397.52,0.0,CC-001,397.52,15047.329999999998
2019-12-04,Office & packaging supplies,416.98,0.0,CC-001,416.98,15464.309999999998
2019-12-05,Credit card payment,0.0,2710.34,CC-001,-2710.34,12753.969999999998
2019-12-05,E-comm shipping labels,322.64,0.0,CC-001,322.64,13076.609999999999
2019-12-09,E-comm shipping labels,288.67,0.0,CC-001,288.67,13365.279999999999
2019-12-12,Digital advertising spend,2242.21,0.0,CC-001,2242.21,15607.489999999998
2019-12-12,E-comm shipping labels,565.7,0.0,CC-001,565.7,16173.189999999999
2019-12-16,E-comm shipping labels,633.4,0.0,CC-001,633.4,16806.59
2019-12-19,Travel & meals,1592.18,0.0,CC-001,1592.18,18398.769999999997
2019-12-20,Credit card payment,0.0,4143.56,CC-001,-4143.56,14255.21
2019-12-23,E-comm shipping labels,499.43,0.0,CC-001,499.43,14754.639999999998
2019-12-25,Digital advertising spend,2049.77,0.0,CC-001,2049.77,16804.409999999996
2019-12-25,Office & packaging supplies,275.01,0.0,CC-001,275.01,17079.42
2019-12-26,E-comm shipping labels,365.66,0.0,CC-001,365.66,17445.079999999998
2019-12-30,E-comm shipping labels,567.04,0.0,CC-001,567.04,18012.12
2020-01-01,Office & packaging supplies,356.66,0.0,CC-001,356.66,18368.78
2020-01-01,Software subscriptions,810.29,0.0,CC-001,810.29,19179.07
2020-01-06,E-comm shipping labels,494.37,0.0,CC-001,494.37,19673.44
2020-01-08,Office & packaging supplies,175.96,0.0,CC-001,175.96,19849.399999999998
2020-01-09,E-comm shipping labels,432.22,0.0,CC-001,432.22,20281.62
2020-01-13,E-comm shipping labels,475.45,0.0,CC-001,475.45,20757.07
2020-01-15,Office & packaging supplies,335.89,0.0,CC-001,335.89,21092.96
2020-01-20,Credit card payment,0.0,8861.39,CC-001,-8861.39,12231.569999999998
2020-01-23,E-comm shipping labels,456.78,0.0,CC-001,456.78,12688.349999999999
2020-01-30,E-comm shipping labels,364.96,0.0,CC-001,364.96,13053.309999999998
2020-02-01,Software subscriptions,425.11,0.0,CC-001,425.11,13478.419999999998
2020-02-05,Credit card payment,0.0,8594.25,CC-001,-8594.25,4884.169999999998
2020-02-05,Office & packaging supplies,90.32,0.0,CC-001,90.32,4974.489999999998
2020-02-06,E-comm shipping labels,439.43,0.0,CC-001,439.43,5413.919999999998
2020-02-10,E-comm shipping labels,199.57,0.0,CC-001,199.57,5613.489999999998
2020-02-10,Travel & meals,333.3,0.0,CC-001,333.3,5946.789999999998
2020-02-12,Digital advertising spend,1687.22,0.0,CC-001,1687.22,7634.009999999998
2020-02-13,E-comm shipping labels,139.38,0.0,CC-001,139.38,7773.3899999999985
2020-02-18,Digital advertising spend,1379.78,0.0,CC-001,1379.78,9153.169999999998
2020-02-20,Credit card payment,0.0,8471.04,CC-001,-8471.04,682.1299999999974
2020-02-20,E-comm shipping labels,232.86,0.0,CC-001,232.86,914.9899999999974
2020-02-24,E-comm shipping labels,340.2,0.0,CC-001,340.2,1255.1899999999973
2020-02-25,Digital advertising spend,2739.51,0.0,CC-001,2739.51,3994.6999999999975
2020-02-27,E-comm shipping labels,306.49,0.0,CC-001,306.49,4301.189999999998
2020-03-01,Software subscriptions,738.38,0.0,CC-001,738.38,5039.569999999998
2020-03-02,E-comm shipping labels,563.89,0.0,CC-001,563.89,5603.459999999997
2020-03-05,Credit card payment,0.0,5861.56,CC-001,-5861.56,-258.1000000000031
2020-03-09,E-comm shipping labels,504.13,0.0,CC-001,504.13,246.0299999999969
2020-03-11,Office & packaging supplies,270.52,0.0,CC-001,270.52,516.5499999999969
2020-03-12,Digital advertising spend,2286.75,0.0,CC-001,2286.75,2803.299999999997
2020-03-12,E-comm shipping labels,210.75,0.0,CC-001,210.75,3014.049999999997
2020-03-18,Digital advertising spend,922.98,0.0,CC-001,922.98,3937.029999999997
2020-03-18,Office & packaging supplies,95.3,0.0,CC-001,95.3,4032.329999999997
2020-03-20,Credit card payment,0.0,3192.54,CC-001,-3192.54,839.7899999999972
2020-03-25,Digital advertising spend,825.02,0.0,CC-001,825.02,1664.8099999999972
2020-03-26,E-comm shipping labels,543.98,0.0,CC-001,543.98,2208.7899999999972
2020-04-01,Software subscriptions,437.61,0.0,CC-001,437.61,2646.3999999999974
2020-04-02,E-comm shipping labels,498.72,0.0,CC-001,498.72,3145.119999999997
2020-04-06,E-comm shipping labels,440.06,0.0,CC-001,440.06,3585.179999999997
2020-04-08,Office & packaging supplies,487.7,0.0,CC-001,487.7,4072.8799999999974
2020-04-09,E-comm shipping labels,378.35,0.0,CC-001,378.35,4451.229999999998
2020-04-13,E-comm shipping labels,593.74,0.0,CC-001,593.74,5044.9699999999975
2020-04-16,E-comm shipping labels,448.43,0.0,CC-001,448.43,5493.399999999997
2020-04-20,Credit card payment,0.0,7880.92,CC-001,-7880.92,-2387.520000000003
2020-04-20,E-comm shipping labels,484.03,0.0,CC-001,484.03,-1903.4900000000032
2020-04-27,E-comm shipping labels,428.27,0.0,CC-001,428.27,-1475.2200000000032
2020-05-01,Software subscriptions,690.31,0.0,CC-001,690.31,-784.9100000000033
2020-05-05,Credit card payment,0.0,7443.57,CC-001,-7443.57,-8228.480000000003
2020-05-06,Office & packaging supplies,437.69,0.0,CC-001,437.69,-7790.790000000004
2020-05-11,E-comm shipping labels,424.91,0.0,CC-001,424.91,-7365.880000000003
2020-05-12,Digital advertising spend,2203.87,0.0,CC-001,2203.87,-5162.010000000004
2020-05-13,Office & packaging supplies,344.03,0.0,CC-001,344.03,-4817.980000000003
2020-05-14,E-comm shipping labels,377.63,0.0,CC-001,377.63,-4440.350000000003
2020-05-18,Digital advertising spend,817.43,0.0,CC-001,817.43,-3622.9200000000037
2020-05-18,E-comm shipping labels,655.91,0.0,CC-001,655.91,-2967.0100000000034
2020-05-20,Credit card payment,0.0,3276.97,CC-001,-3276.97,-6243.980000000003
2020-05-20,Office & packaging supplies,325.36,0.0,CC-001,325.36,-5918.6200000000035
2020-05-20,Travel & meals,1186.5,0.0,CC-001,1186.5,-4732.120000000003
2020-05-25,Digital advertising spend,1911.58,0.0,CC-001,1911.58,-2820.540000000003
2020-05-28,E-comm shipping labels,332.67,0.0,CC-001,332.67,-2487.870000000003
2020-06-01,E-comm shipping labels,459.55,0.0,CC-001,459.55,-2028.3200000000031
2020-06-01,Software subscriptions,717.9,0.0,CC-001,717.9,-1310.4200000000033
2020-06-03,Office & packaging supplies,361.54,0.0,CC-001,361.54,-948.8800000000031
2020-06-05,Credit card payment,0.0,8738.39,CC-001,-8738.39,-9687.270000000002
2020-06-08,E-comm shipping labels,567.01,0.0,CC-001,567.01,-9120.260000000002
2020-06-12,Digital advertising spend,1359.11,0.0,CC-001,1359.11,-7761.150000000002
2020-06-17,Office & packaging supplies,237.43,0.0,CC-001,237.43,-7523.720000000002
2020-06-18,Digital advertising spend,2297.84,0.0,CC-001,2297.84,-5225.880000000003
2020-06-18,E-comm shipping labels,273.21,0.0,CC-001,273.21,-4952.670000000003
2020-06-24,Office & packaging supplies,349.56,0.0,CC-001,349.56,-4603.110000000002
2020-06-25,Digital advertising spend,1331.74,0.0,CC-001,1331.74,-3271.3700000000026
2020-07-01,Office & packaging supplies,476.66,0.0,CC-001,476.66,-2794.7100000000023
2020-07-01,Software subscriptions,812.06,0.0,CC-001,812.06,-1982.6500000000024
2020-07-06,E-comm shipping labels,520.71,0.0,CC-001,520.71,-1461.9400000000023
2020-07-08,Office & packaging supplies,111.82,0.0,CC-001,111.82,-1350.1200000000024
2020-07-13,E-comm shipping labels,341.97,0.0,CC-001,341.97,-1008.1500000000024
2020-07-15,Office & packaging supplies,106.26,0.0,CC-001,106.26,-901.8900000000023
2020-07-20,Credit card payment,0.0,9427.09,CC-001,-9427.09,-10328.980000000003
2020-07-20,E-comm shipping labels,217.64,0.0,CC-001,217.64,-10111.340000000004
2020-07-27,E-comm shipping labels,488.93,0.0,CC-001,488.93,-9622.410000000003
2020-07-27,Travel & meals,1791.91,0.0,CC-001,1791.91,-7830.500000000004
2020-07-30,E-comm shipping labels,498.8,0.0,CC-001,498.8,-7331.7000000000035
2020-08-01,Software subscriptions,905.16,0.0,CC-001,905.16,-6426.540000000003
2020-08-03,E-comm shipping labels,575.31,0.0,CC-001,575.31,-5851.230000000003
2020-08-05,Credit card payment,0.0,7818.29,CC-001,-7818.29,-13669.520000000004
2020-08-05,Office & packaging supplies,110.0,0.0,CC-001,110.0,-13559.520000000004
2020-08-10,E-comm shipping labels,337.47,0.0,CC-001,337.47,-13222.050000000003
2020-08-10,Travel & meals,1715.89,0.0,CC-001,1715.89,-11506.160000000003
2020-08-12,Digital advertising spend,644.03,0.0,CC-001,644.03,-10862.130000000003
2020-08-12,Office & packaging supplies,270.38,0.0,CC-001,270.38,-10591.750000000004
2020-08-13,E-comm shipping labels,450.34,0.0,CC-001,450.34,-10141.410000000003
2020-08-17,Travel & meals,1448.33,0.0,CC-001,1448.33,-8693.080000000004
2020-08-18,Digital advertising spend,2504.65,0.0,CC-001,2504.65,-6188.430000000003
2020-08-19,Office & packaging supplies,102.35,0.0,CC-001,102.35,-6086.080000000003
2020-08-20,Credit card payment,0.0,5301.25,CC-001,-5301.25,-11387.330000000002
2020-08-20,E-comm shipping labels,362.74,0.0,CC-001,362.74,-11024.590000000002
2020-08-25,Digital advertising spend,1016.82,0.0,CC-001,1016.82,-10007.770000000002
2020-08-26,Office & packaging supplies,289.31,0.0,CC-001,289.31,-9718.460000000003
2020-08-27,E-comm shipping labels,626.77,0.0,CC-001,626.77,-9091.690000000002
2020-09-01,Software subscriptions,800.85,0.0,CC-001,800.85,-8290.840000000002
2020-09-03,E-comm shipping labels,191.16,0.0,CC-001,191.16,-8099.680000000002
2020-09-07,E-comm shipping labels,330.1,0.0,CC-001,330.1,-7769.580000000003
2020-09-09,Office & packaging supplies,190.19,0.0,CC-001,190.19,-7579.390000000002
2020-09-10,E-comm shipping labels,570.46,0.0,CC-001,570.46,-7008.930000000002
2020-09-18,Digital advertising spend,1617.43,0.0,CC-001,1617.43,-5391.500000000003
2020-09-21,E-comm shipping labels,255.92,0.0,CC-001,255.92,-5135.580000000003
2020-09-23,Office & packaging supplies,177.09,0.0,CC-001,177.09,-4958.4900000000025
2020-09-25,Digital advertising spend,1146.81,0.0,CC-001,1146.81,-3811.6800000000026
2020-09-28,E-comm shipping labels,474.56,0.0,CC-001,474.56,-3337.1200000000026
2020-10-01,E-comm shipping labels,229.95,0.0,CC-001,229.95,-3107.170000000003
2020-10-01,Software subscriptions,621.4,0.0,CC-001,621.4,-2485.7700000000027
2020-10-05,Credit card payment,0.0,4503.27,CC-001,-4503.27,-6989.040000000003
2020-10-07,Office & packaging supplies,408.94,0.0,CC-001,408.94,-6580.100000000003
2020-10-08,E-comm shipping labels,431.2,0.0,CC-001,431.2,-6148.900000000002
2020-10-12,Digital advertising spend,761.09,0.0,CC-001,761.09,-5387.810000000003
2020-10-14,Office & packaging supplies,413.75,0.0,CC-001,413.75,-4974.060000000003
2020-10-20,Credit card payment,0.0,5145.28,CC-001,-5145.28,-10119.340000000002
2020-10-21,Office & packaging supplies,123.64,0.0,CC-001,123.64,-9995.700000000003
2020-10-28,Office & packaging supplies,270.47,0.0,CC-001,270.47,-9725.230000000001
2020-10-29,E-comm shipping labels,593.38,0.0,CC-001,593.38,-9131.850000000002
2020-11-01,Software subscriptions,507.58,0.0,CC-001,507.58,-8624.270000000002
2020-11-02,E-comm shipping labels,592.71,0.0,CC-001,592.71,-8031.560000000002
2020-11-04,Office & packaging supplies,219.63,0.0,CC-001,219.63,-7811.930000000002
2020-11-05,Credit card payment,0.0,3668.54,CC-001,-3668.54,-11480.470000000001
2020-11-11,Office & packaging supplies,113.41,0.0,CC-001,113.41,-11367.060000000001
2020-11-12,Digital advertising spend,1799.87,0.0,CC-001,1799.87,-9567.190000000002
2020-11-12,E-comm shipping labels,203.88,0.0,CC-001,203.88,-9363.310000000001
2020-11-16,E-comm shipping labels,508.59,0.0,CC-001,508.59,-8854.720000000003
2020-11-18,Digital advertising spend,2514.37,0.0,CC-001,2514.37,-6340.350000000002
2020-11-19,E-comm shipping labels,262.36,0.0,CC-001,262.36,-6077.9900000000025
2020-11-20,Credit card payment,0.0,8313.35,CC-001,-8313.35,-14391.340000000004
2020-11-23,E-comm shipping labels,348.04,0.0,CC-001,348.04,-14043.300000000001
2020-11-25,Digital advertising spend,2490.61,0.0,CC-001,2490.61,-11552.690000000002
2020-11-25,Office & packaging supplies,202.73,0.0,CC-001,202.73,-11349.960000000003
2020-11-26,E-comm shipping labels,387.37,0.0,CC-001,387.37,-10962.590000000002
2020-11-30,E-comm shipping labels,433.47,0.0,CC-001,433.47,-10529.120000000003
2020-12-01,Software subscriptions,800.68,0.0,CC-001,800.68,-9728.440000000002
2020-12-02,Office & packaging supplies,469.4,0.0,CC-001,469.4,-9259.040000000003
2020-12-03,E-comm shipping labels,566.85,0.0,CC-001,566.85,-8692.190000000002
2020-12-09,Office & packaging supplies,377.17,0.0,CC-001,377.17,-8315.020000000002
2020-12-16,Office & packaging supplies,99.81,0.0,CC-001,99.81,-8215.210000000003
2020-12-18,Digital advertising spend,1422.95,0.0,CC-001,1422.95,-6792.260000000002
2020-12-21,E-comm shipping labels,397.66,0.0,CC-001,397.66,-6394.600000000002
2020-12-24,E-comm shipping labels,309.46,0.0,CC-001,309.46,-6085.140000000002
2020-12-28,E-comm shipping labels,424.06,0.0,CC-001,424.06,-5661.080000000002
2021-01-01,Software subscriptions,725.97,0.0,CC-001,725.97,-4935.1100000000015
2021-01-04,E-comm shipping labels,350.05,0.0,CC-001,350.05,-4585.060000000001
2021-01-05,Credit card payment,0.0,4945.06,CC-001,-4945.06,-9530.120000000003
2021-01-06,Office & packaging supplies,159.07,0.0,CC-001,159.07,-9371.050000000001
2021-01-07,E-comm shipping labels,285.19,0.0,CC-001,285.19,-9085.860000000002
2021-01-11,E-comm shipping labels,323.69,0.0,CC-001,323.69,-8762.170000000002
2021-01-12,Digital advertising spend,2485.17,0.0,CC-001,2485.17,-6277.000000000002
2021-01-13,Office & packaging supplies,249.16,0.0,CC-001,249.16,-6027.840000000002
2021-01-14,E-comm shipping labels,630.57,0.0,CC-001,630.57,-5397.270000000002
2021-01-18,Digital advertising spend,1939.97,0.0,CC-001,1939.97,-3457.300000000002
2021-01-20,Credit card payment,0.0,4611.39,CC-001,-4611.39,-8068.690000000002
2021-01-20,Office & packaging supplies,363.05,0.0,CC-001,363.05,-7705.640000000002
2021-01-21,E-comm shipping labels,140.69,0.0,CC-001,140.69,-7564.950000000003
2021-01-25,E-comm shipping labels,437.72,0.0,CC-001,437.72,-7127.230000000002
2021-01-25,Travel & meals,868.69,0.0,CC-001,868.69,-6258.540000000003
2021-01-28,E-comm shipping labels,278.57,0.0,CC-001,278.57,-5979.970000000002
2021-02-01,E-comm shipping labels,603.96,0.0,CC-001,603.96,-5376.010000000002
2021-02-01,Software subscriptions,680.77,0.0,CC-001,680.77,-4695.2400000000025
2021-02-04,E-comm shipping labels,223.98,0.0,CC-001,223.98,-4471.260000000002
2021-02-05,Credit card payment,0.0,3314.47,CC-001,-3314.47,-7785.730000000002
2021-02-08,E-comm shipping labels,263.0,0.0,CC-001,263.0,-7522.730000000002
2021-02-10,Office & packaging supplies,262.44,0.0,CC-001,262.44,-7260.290000000003
2021-02-11,E-comm shipping labels,182.9,0.0,CC-001,182.9,-7077.390000000002
2021-02-12,Digital advertising spend,2504.38,0.0,CC-001,2504.38,-4573.010000000002
2021-02-15,E-comm shipping labels,270.84,0.0,CC-001,270.84,-4302.170000000002
2021-02-17,Office & packaging supplies,208.12,0.0,CC-001,208.12,-4094.050000000002
2021-02-18,Digital advertising spend,1570.69,0.0,CC-001,1570.69,-2523.360000000002
2021-02-18,E-comm shipping labels,214.59,0.0,CC-001,214.59,-2308.770000000002
2021-02-25,E-comm shipping labels,451.06,0.0,CC-001,451.06,-1857.7100000000019
2021-03-01,E-comm shipping labels,162.69,0.0,CC-001,162.69,-1695.020000000002
2021-03-01,Software subscriptions,904.11,0.0,CC-001,904.11,-790.9100000000019
2021-03-04,E-comm shipping labels,315.96,0.0,CC-001,315.96,-474.9500000000019
2021-03-05,Credit card payment,0.0,5077.67,CC-001,-5077.67,-5552.620000000002
2021-03-05,Travel & meals,1235.66,0.0,CC-001,1235.66,-4316.960000000002
2021-03-08,E-comm shipping labels,148.08,0.0,CC-001,148.08,-4168.880000000002
2021-03-10,Office & packaging supplies,321.33,0.0,CC-001,321.33,-3847.5500000000015
2021-03-10,Travel & meals,1833.88,0.0,CC-001,1833.88,-2013.6700000000014
2021-03-11,E-comm shipping labels,451.44,0.0,CC-001,451.44,-1562.2300000000014
2021-03-18,Digital advertising spend,1609.11,0.0,CC-001,1609.11,46.87999999999852
2021-03-22,E-comm shipping labels,354.58,0.0,CC-001,354.58,401.4599999999985
2021-03-25,Digital advertising spend,747.37,0.0,CC-001,747.37,1148.8299999999986
2021-03-25,E-comm shipping labels,164.81,0.0,CC-001,164.81,1313.6399999999985
2021-04-01,E-comm shipping labels,473.82,0.0,CC-001,473.82,1787.4599999999984
2021-04-01,Software subscriptions,573.4,0.0,CC-001,573.4,2360.8599999999983
2021-04-05,Credit card payment,0.0,7484.1,CC-001,-7484.1,-5123.240000000002
2021-04-08,E-comm shipping labels,586.39,0.0,CC-001,586.39,-4536.850000000001
2021-04-12,Digital advertising spend,2262.71,0.0,CC-001,2262.71,-2274.1400000000017
2021-04-12,E-comm shipping labels,398.33,0.0,CC-001,398.33,-1875.8100000000018
2021-04-15,E-comm shipping labels,603.21,0.0,CC-001,603.21,-1272.6000000000017
2021-04-19,E-comm shipping labels,152.05,0.0,CC-001,152.05,-1120.5500000000018
2021-04-20,Credit card payment,0.0,5543.23,CC-001,-5543.23,-6663.780000000002
2021-04-21,Office & packaging supplies,133.44,0.0,CC-001,133.44,-6530.340000000002
2021-04-22,E-comm shipping labels,639.03,0.0,CC-001,639.03,-5891.310000000001
2021-04-26,E-comm shipping labels,382.08,0.0,CC-001,382.08,-5509.230000000001
2021-04-29,E-comm shipping labels,149.83,0.0,CC-001,149.83,-5359.4000000000015
2021-05-01,Software subscriptions,970.16,0.0,CC-001,970.16,-4389.240000000002
2021-05-03,E-comm shipping labels,658.9,0.0,CC-001,658.9,-3730.3400000000015
2021-05-05,Credit card payment,0.0,4579.82,CC-001,-4579.82,-8310.160000000002
2021-05-05,Office & packaging supplies,480.17,0.0,CC-001,480.17,-7829.990000000002
2021-05-12,Digital advertising spend,2401.03,0.0,CC-001,2401.03,-5428.960000000001
2021-05-12,Office & packaging supplies,498.68,0.0,CC-001,498.68,-4930.280000000002
2021-05-17,E-comm shipping labels,473.44,0.0,CC-001,473.44,-4456.840000000001
2021-05-18,Digital advertising spend,689.94,0.0,CC-001,689.94,-3766.9000000000015
2021-05-20,Credit card payment,0.0,4736.55,CC-001,-4736.55,-8503.45
2021-05-20,E-comm shipping labels,629.78,0.0,CC-001,629.78,-7873.670000000002
2021-05-20,Travel & meals,2104.82,0.0,CC-001,2104.82,-5768.850000000001
2021-05-24,E-comm shipping labels,461.26,0.0,CC-001,461.26,-5307.590000000001
2021-05-25,Digital advertising spend,1493.83,0.0,CC-001,1493.83,-3813.760000000001
2021-05-25,Travel & meals,1217.15,0.0,CC-001,1217.15,-2596.6100000000015
2021-05-26,Office & packaging supplies,457.67,0.0,CC-001,457.67,-2138.9400000000014
2021-05-27,E-comm shipping labels,391.85,0.0,CC-001,391.85,-1747.0900000000013
2021-05-31,E-comm shipping labels,198.42,0.0,CC-001,198.42,-1548.6700000000012
2021-06-01,Software subscriptions,593.77,0.0,CC-001,593.77,-954.9000000000012
2021-06-03,E-comm shipping labels,468.89,0.0,CC-001,468.89,-486.01000000000124
2021-06-10,E-comm shipping labels,187.69,0.0,CC-001,187.69,-298.32000000000124
2021-06-16,Office & packaging supplies,454.13,0.0,CC-001,454.13,155.80999999999875
2021-06-16,Travel & meals,611.94,0.0,CC-001,611.94,767.7499999999989
2021-06-17,E-comm shipping labels,184.0,0.0,CC-001,184.0,951.7499999999989
2021-06-18,Digital advertising spend,1275.88,0.0,CC-001,1275.88,2227.629999999999
2021-06-21,E-comm shipping labels,392.62,0.0,CC-001,392.62,2620.249999999999
2021-06-23,Office & packaging supplies,230.44,0.0,CC-001,230.44,2850.689999999999
2021-06-24,E-comm shipping labels,250.25,0.0,CC-001,250.25,3100.939999999999
2021-06-25,Digital advertising spend,2759.36,0.0,CC-001,2759.36,5860.299999999999
2021-06-28,E-comm shipping labels,406.46,0.0,CC-001,406.46,6266.759999999999
2021-07-01,E-comm shipping labels,668.25,0.0,CC-001,668.25,6935.009999999999
2021-07-01,Software subscriptions,918.72,0.0,CC-001,918.72,7853.73
2021-07-05,Credit card payment,0.0,5791.56,CC-001,-5791.56,2062.169999999999
2021-07-07,Office & packaging supplies,532.43,0.0,CC-001,532.43,2594.599999999999
2021-07-12,Digital advertising spend,2447.88,0.0,CC-001,2447.88,5042.48
2021-07-12,E-comm shipping labels,502.46,0.0,CC-001,502.46,5544.939999999999
2021-07-14,Office & packaging supplies,161.63,0.0,CC-001,161.63,5706.569999999999
2021-07-15,E-comm shipping labels,323.28,0.0,CC-001,323.28,6029.849999999999
2021-07-19,E-comm shipping labels,558.38,0.0,CC-001,558.38,6588.23
2021-07-20,Credit card payment,0.0,7022.16,CC-001,-7022.16,-433.9300000000003
2021-07-28,Office & packaging supplies,107.72,0.0,CC-001,107.72,-326.21000000000026
2021-07-29,E-comm shipping labels,501.32,0.0,CC-001,501.32,175.10999999999967
2021-08-01,Software subscriptions,655.18,0.0,CC-001,655.18,830.2899999999996
2021-08-04,Office & packaging supplies,492.49,0.0,CC-001,492.49,1322.7799999999997
2021-08-05,Credit card payment,0.0,2763.85,CC-001,-2763.85,-1441.0700000000002
2021-08-05,E-comm shipping labels,393.69,0.0,CC-001,393.69,-1047.38
2021-08-09,E-comm shipping labels,540.04,0.0,CC-001,540.04,-507.34000000000015
2021-08-12,Digital advertising spend,2853.31,0.0,CC-001,2853.31,2345.97
2021-08-12,E-comm shipping labels,658.38,0.0,CC-001,658.38,3004.35
2021-08-18,Digital advertising spend,858.24,0.0,CC-001,858.24,3862.5899999999997
2021-08-18,Office & packaging supplies,488.54,0.0,CC-001,488.54,4351.13
2021-08-20,Credit card payment,0.0,3955.35,CC-001,-3955.35,395.77999999999975
2021-08-23,E-comm shipping labels,630.02,0.0,CC-001,630.02,1025.7999999999997
2021-08-25,Digital advertising spend,2817.77,0.0,CC-001,2817.77,3843.5699999999997
2021-09-01,Software subscriptions,626.85,0.0,CC-001,626.85,4470.42
2021-09-06,E-comm shipping labels,603.25,0.0,CC-001,603.25,5073.67
2021-09-08,Office & packaging supplies,243.96,0.0,CC-001,243.96,5317.63
2021-09-09,E-comm shipping labels,562.12,0.0,CC-001,562.12,5879.75
2021-09-13,E-comm shipping labels,553.17,0.0,CC-001,553.17,6432.92
2021-09-16,E-comm shipping labels,130.47,0.0,CC-001,130.47,6563.389999999999
2021-09-20,Credit card payment,0.0,6145.56,CC-001,-6145.56,417.829999999999
2021-09-20,E-comm shipping labels,218.74,0.0,CC-001,218.74,636.569999999999
2021-09-23,E-comm shipping labels,159.73,0.0,CC-001,159.73,796.299999999999
2021-09-29,Office & packaging supplies,245.55,0.0,CC-001,245.55,1041.849999999999
2021-10-01,Software subscriptions,801.47,0.0,CC-001,801.47,1843.319999999999
2021-10-04,E-comm shipping labels,274.61,0.0,CC-001,274.61,2117.929999999999
2021-10-05,Credit card payment,0.0,5274.55,CC-001,-5274.55,-3156.6200000000013
2021-10-06,Office & packaging supplies,129.52,0.0,CC-001,129.52,-3027.1000000000013
2021-10-11,E-comm shipping labels,675.9,0.0,CC-001,675.9,-2351.200000000001
2021-10-12,Digital advertising spend,1093.54,0.0,CC-001,1093.54,-1257.6600000000012
2021-10-14,E-comm shipping labels,456.15,0.0,CC-001,456.15,-801.5100000000012
2021-10-18,Digital advertising spend,2882.76,0.0,CC-001,2882.76,2081.249999999999
2021-10-18,E-comm shipping labels,201.2,0.0,CC-001,201.2,2282.449999999999
2021-10-20,Credit card payment,0.0,8938.88,CC-001,-8938.88,-6656.43
2021-10-20,Office & packaging supplies,300.31,0.0,CC-001,300.31,-6356.12
2021-10-21,E-comm shipping labels,506.55,0.0,CC-001,506.55,-5849.570000000001
2021-10-25,Digital advertising spend,1185.15,0.0,CC-001,1185.15,-4664.42
2021-10-25,E-comm shipping labels,666.87,0.0,CC-001,666.87,-3997.55
2021-10-28,E-comm shipping labels,558.68,0.0,CC-001,558.68,-3438.87
2021-11-01,E-comm shipping labels,321.28,0.0,CC-001,321.28,-3117.59
2021-11-01,Software subscriptions,976.62,0.0,CC-001,976.62,-2140.9700000000003
2021-11-03,Office & packaging supplies,165.91,0.0,CC-001,165.91,-1975.0600000000002
2021-11-05,Credit card payment,0.0,5727.22,CC-001,-5727.22,-7702.280000000001
2021-11-08,E-comm shipping labels,640.01,0.0,CC-001,640.01,-7062.27
2021-11-11,E-comm shipping labels,224.88,0.0,CC-001,224.88,-6837.39
2021-11-12,Digital advertising spend,1073.24,0.0,CC-001,1073.24,-5764.150000000001
2021-11-18,E-comm shipping labels,355.26,0.0,CC-001,355.26,-5408.89
2021-11-18,Travel & meals,556.31,0.0,CC-001,556.31,-4852.580000000001
2021-11-24,Office & packaging supplies,387.95,0.0,CC-001,387.95,-4464.630000000001
2021-11-25,Digital advertising spend,2866.83,0.0,CC-001,2866.83,-1597.8000000000006
2021-11-25,E-comm shipping labels,576.16,0.0,CC-001,576.16,-1021.6400000000007
2021-11-29,E-comm shipping labels,239.16,0.0,CC-001,239.16,-782.4800000000007
2021-12-01,Office & packaging supplies,202.03,0.0,CC-001,202.03,-580.4500000000007
2021-12-01,Software subscriptions,672.16,0.0,CC-001,672.16,91.70999999999935
2021-12-02,E-comm shipping labels,256.76,0.0,CC-001,256.76,348.46999999999935
2021-12-06,E-comm shipping labels,431.03,0.0,CC-001,431.03,779.4999999999993
2021-12-08,Office & packaging supplies,450.89,0.0,CC-001,450.89,1230.3899999999994
2021-12-09,E-comm shipping labels,179.1,0.0,CC-001,179.1,1409.4899999999993
2021-12-13,E-comm shipping labels,675.26,0.0,CC-001,675.26,2084.749999999999
2021-12-15,Office & packaging supplies,199.93,0.0,CC-001,199.93,2284.6799999999994
2021-12-20,Credit card payment,0.0,4387.14,CC-001,-4387.14,-2102.460000000001
2021-12-20,E-comm shipping labels,629.14,0.0,CC-001,629.14,-1473.320000000001
2021-12-22,Office & packaging supplies,335.14,0.0,CC-001,335.14,-1138.180000000001
2021-12-23,E-comm shipping labels,311.0,0.0,CC-001,311.0,-827.180000000001
2021-12-27,E-comm shipping labels,174.57,0.0,CC-001,174.57,-652.610000000001
2021-12-29,Office & packaging supplies,473.72,0.0,CC-001,473.72,-178.89000000000095
2021-12-30,E-comm shipping labels,533.1,0.0,CC-001,533.1,354.20999999999907
2022-01-01,Software subscriptions,672.26,0.0,CC-001,672.26,1026.4699999999991
2022-01-05,Credit card payment,0.0,6377.57,CC-001,-6377.57,-5351.1
2022-01-05,Office & packaging supplies,390.64,0.0,CC-001,390.64,-4960.46
2022-01-06,E-comm shipping labels,270.98,0.0,CC-001,270.98,-4689.4800000000005
2022-01-10,E-comm shipping labels,373.32,0.0,CC-001,373.32,-4316.160000000001
2022-01-12,Digital advertising spend,1349.02,0.0,CC-001,1349.02,-2967.1400000000003
2022-01-12,Office & packaging supplies,383.82,0.0,CC-001,383.82,-2583.32
2022-01-13,E-comm shipping labels,257.07,0.0,CC-001,257.07,-2326.2500000000005
2022-01-17,E-comm shipping labels,633.46,0.0,CC-001,633.46,-1692.7900000000004
2022-01-18,Digital advertising spend,1316.2,0.0,CC-001,1316.2,-376.59000000000015
2022-01-19,Office & packaging supplies,184.01,0.0,CC-001,184.01,-192.58000000000015
2022-01-20,Credit card payment,0.0,5691.05,CC-001,-5691.05,-5883.63
2022-01-20,E-comm shipping labels,328.87,0.0,CC-001,328.87,-5554.76
2022-01-26,Office & packaging supplies,154.4,0.0,CC-001,154.4,-5400.36
2022-01-31,E-comm shipping labels,259.52,0.0,CC-001,259.52,-5140.84
2022-02-01,Software subscriptions,760.89,0.0,CC-001,760.89,-4379.95
2022-02-02,Office & packaging supplies,196.46,0.0,CC-001,196.46,-4183.49
2022-02-03,E-comm shipping labels,585.82,0.0,CC-001,585.82,-3597.67
2022-02-07,E-comm shipping labels,502.25,0.0,CC-001,502.25,-3095.42
2022-02-17,E-comm shipping labels,432.93,0.0,CC-001,432.93,-2662.4900000000002
2022-02-18,Digital advertising spend,2156.03,0.0,CC-001,2156.03,-506.46000000000004
2022-02-23,Office & packaging supplies,568.14,0.0,CC-001,568.14,61.67999999999995
2022-02-24,E-comm shipping labels,517.41,0.0,CC-001,517.41,579.0899999999999
2022-02-25,Digital advertising spend,997.0,0.0,CC-001,997.0,1576.09
2022-03-01,Software subscriptions,1026.93,0.0,CC-001,1026.93,2603.02
2022-03-03,E-comm shipping labels,226.01,0.0,CC-001,226.01,2829.0299999999997
2022-03-07,E-comm shipping labels,681.56,0.0,CC-001,681.56,3510.59
2022-03-09,Office & packaging supplies,401.38,0.0,CC-001,401.38,3911.97
2022-03-10,Travel & meals,1766.45,0.0,CC-001,1766.45,5678.42
2022-03-14,E-comm shipping labels,666.88,0.0,CC-001,666.88,6345.3
2022-03-16,Office & packaging supplies,249.94,0.0,CC-001,249.94,6595.24
2022-03-18,Digital advertising spend,2710.22,0.0,CC-001,2710.22,9305.46
2022-03-21,E-comm shipping labels,508.26,0.0,CC-001,508.26,9813.72
2022-03-23,Office & packaging supplies,344.45,0.0,CC-001,344.45,10158.17
2022-03-24,E-comm shipping labels,468.05,0.0,CC-001,468.05,10626.22
2022-03-25,Digital advertising spend,896.43,0.0,CC-001,896.43,11522.65
2022-03-30,Office & packaging supplies,269.22,0.0,CC-001,269.22,11791.87
2022-03-31,E-comm shipping labels,553.01,0.0,CC-001,553.01,12344.88
2022-04-01,Software subscriptions,397.69,0.0,CC-001,397.69,12742.57
2022-04-04,E-comm shipping labels,302.78,0.0,CC-001,302.78,13045.35
2022-04-05,Credit card payment,0.0,6461.18,CC-001,-6461.18,6584.17
2022-04-06,Office & packaging supplies,507.91,0.0,CC-001,507.91,7092.08
2022-04-11,E-comm shipping labels,693.31,0.0,CC-001,693.31,7785.39
2022-04-12,Digital advertising spend,1611.27,0.0,CC-001,1611.27,9396.66
2022-04-13,Office & packaging supplies,356.99,0.0,CC-001,356.99,9753.65
2022-04-14,E-comm shipping labels,406.32,0.0,CC-001,406.32,10159.97
2022-04-14,Travel & meals,1040.54,0.0,CC-001,1040.54,11200.51
2022-04-18,Digital advertising spend,1689.4,0.0,CC-001,1689.4,12889.91
2022-04-18,E-comm shipping labels,251.44,0.0,CC-001,251.44,13141.35
2022-04-20,Credit card payment,0.0,3884.74,CC-001,-3884.74,9256.61
2022-04-21,E-comm shipping labels,525.23,0.0,CC-001,525.23,9781.84
2022-04-25,Digital advertising spend,2133.96,0.0,CC-001,2133.96,11915.8
2022-04-25,E-comm shipping labels,386.85,0.0,CC-001,386.85,12302.65
2022-04-27,Office & packaging supplies,200.13,0.0,CC-001,200.13,12502.78
2022-04-28,E-comm shipping labels,645.31,0.0,CC-001,645.31,13148.09
2022-05-01,Software subscriptions,444.03,0.0,CC-001,444.03,13592.12
2022-05-02,E-comm shipping labels,139.79,0.0,CC-001,139.79,13731.91
2022-05-05,Credit card payment,0.0,4574.64,CC-001,-4574.64,9157.27
2022-05-05,E-comm shipping labels,655.0,0.0,CC-001,655.0,9812.27
2022-05-11,Office & packaging supplies,120.3,0.0,CC-001,120.3,9932.57
2022-05-12,E-comm shipping labels,438.85,0.0,CC-001,438.85,10371.42
2022-05-18,Digital advertising spend,1483.06,0.0,CC-001,1483.06,11854.48
2022-05-18,Office & packaging supplies,226.65,0.0,CC-001,226.65,12081.13
2022-05-19,E-comm shipping labels,525.45,0.0,CC-001,525.45,12606.58
2022-05-20,Credit card payment,0.0,6356.36,CC-001,-6356.36,6250.22
2022-05-23,E-comm shipping labels,180.5,0.0,CC-001,180.5,6430.72
2022-05-25,Digital advertising spend,1415.25,0.0,CC-001,1415.25,7845.97
2022-05-26,E-comm shipping labels,591.98,0.0,CC-001,591.98,8437.95
2022-06-01,Software subscriptions,554.16,0.0,CC-001,554.16,8992.11
2022-06-09,E-comm shipping labels,637.73,0.0,CC-001,637.73,9629.84
2022-06-13,E-comm shipping labels,260.16,0.0,CC-001,260.16,9890.0
2022-06-15,Office & packaging supplies,480.63,0.0,CC-001,480.63,10370.630000000001
2022-06-16,E-comm shipping labels,672.24,0.0,CC-001,672.24,11042.87
2022-06-20,Credit card payment,0.0,8490.85,CC-001,-8490.85,2552.0200000000004
2022-06-22,Office & packaging supplies,502.98,0.0,CC-001,502.98,3055.0000000000005
2022-06-23,E-comm shipping labels,181.25,0.0,CC-001,181.25,3236.2500000000005
2022-06-27,E-comm shipping labels,709.9,0.0,CC-001,709.9,3946.1500000000005
2022-07-01,Software subscriptions,482.68,0.0,CC-001,482.68,4428.830000000001
2022-07-05,Credit card payment,0.0,9859.33,CC-001,-9859.33,-5430.499999999999
2022-07-06,Office & packaging supplies,361.19,0.0,CC-001,361.19,-5069.3099999999995
2022-07-07,E-comm shipping labels,439.84,0.0,CC-001,439.84,-4629.469999999999
2022-07-11,E-comm shipping labels,223.7,0.0,CC-001,223.7,-4405.7699999999995
2022-07-12,Digital advertising spend,2383.78,0.0,CC-001,2383.78,-2021.9899999999989
2022-07-14,E-comm shipping labels,448.09,0.0,CC-001,448.09,-1573.899999999999
2022-07-18,Digital advertising spend,674.51,0.0,CC-001,674.51,-899.389999999999
2022-07-18,E-comm shipping labels,448.5,0.0,CC-001,448.5,-450.88999999999896
2022-07-20,Credit card payment,0.0,9393.78,CC-001,-9393.78,-9844.67
2022-07-20,Office & packaging supplies,301.97,0.0,CC-001,301.97,-9542.7
2022-07-21,E-comm shipping labels,701.34,0.0,CC-001,701.34,-8841.36
2022-07-25,Digital advertising spend,1251.02,0.0,CC-001,1251.02,-7590.34
2022-07-27,Office & packaging supplies,233.32,0.0,CC-001,233.32,-7357.02
2022-07-28,E-comm shipping labels,286.59,0.0,CC-001,286.59,-7070.43
2022-08-01,Software subscriptions,787.4,0.0,CC-001,787.4,-6283.030000000001
2022-08-03,Office & packaging supplies,256.78,0.0,CC-001,256.78,-6026.25
2022-08-04,E-comm shipping labels,551.81,0.0,CC-001,551.81,-5474.4400000000005
2022-08-05,Credit card payment,0.0,10377.18,CC-001,-10377.18,-15851.62
2022-08-08,E-comm shipping labels,690.67,0.0,CC-001,690.67,-15160.95
2022-08-10,Office & packaging supplies,328.49,0.0,CC-001,328.49,-14832.460000000001
2022-08-12,Digital advertising spend,2014.07,0.0,CC-001,2014.07,-12818.390000000001
2022-08-15,E-comm shipping labels,418.11,0.0,CC-001,418.11,-12400.28
2022-08-17,Office & packaging supplies,363.45,0.0,CC-001,363.45,-12036.83
2022-08-18,Digital advertising spend,2339.69,0.0,CC-001,2339.69,-9697.140000000001
2022-08-25,Digital advertising spend,956.05,0.0,CC-001,956.05,-8741.09
2022-08-25,E-comm shipping labels,563.97,0.0,CC-001,563.97,-8177.120000000001
2022-08-29,E-comm shipping labels,230.7,0.0,CC-001,230.7,-7946.420000000001
2022-08-31,Office & packaging supplies,375.39,0.0,CC-001,375.39,-7571.030000000001
2022-09-01,E-comm shipping labels,318.72,0.0,CC-001,318.72,-7252.31
2022-09-01,Software subscriptions,869.98,0.0,CC-001,869.98,-6382.330000000001
2022-09-05,Credit card payment,0.0,8587.91,CC-001,-8587.91,-14970.240000000002
2022-09-05,E-comm shipping labels,398.99,0.0,CC-001,398.99,-14571.250000000002
2022-09-07,Office & packaging supplies,364.12,0.0,CC-001,364.12,-14207.130000000001
2022-09-12,Digital advertising spend,2560.54,0.0,CC-001,2560.54,-11646.590000000002
2022-09-12,E-comm shipping labels,363.97,0.0,CC-001,363.97,-11282.62
2022-09-14,Office & packaging supplies,464.31,0.0,CC-001,464.31,-10818.310000000001
2022-09-20,Credit card payment,0.0,6142.6,CC-001,-6142.6,-16960.910000000003
2022-09-22,E-comm shipping labels,508.05,0.0,CC-001,508.05,-16452.86
2022-09-29,E-comm shipping labels,659.07,0.0,CC-001,659.07,-15793.79
2022-09-29,Travel & meals,1856.66,0.0,CC-001,1856.66,-13937.130000000001
2022-10-01,Software subscriptions,798.76,0.0,CC-001,798.76,-13138.37
2022-10-03,E-comm shipping labels,447.96,0.0,CC-001,447.96,-12690.410000000002
2022-10-05,Credit card payment,0.0,6415.06,CC-001,-6415.06,-19105.47
2022-10-05,Office & packaging supplies,95.4,0.0,CC-001,95.4,-19010.070000000003
2022-10-06,E-comm shipping labels,628.31,0.0,CC-001,628.31,-18381.760000000002
2022-10-10,E-comm shipping labels,703.16,0.0,CC-001,703.16,-17678.600000000002
2022-10-12,Digital advertising spend,2353.51,0.0,CC-001,2353.51,-15325.090000000002
2022-10-13,E-comm shipping labels,383.72,0.0,CC-001,383.72,-14941.370000000003
2022-10-18,Digital advertising spend,1726.8,0.0,CC-001,1726.8,-13214.570000000002
2022-10-18,Travel & meals,1820.64,0.0,CC-001,1820.64,-11393.930000000002
2022-10-19,Office & packaging supplies,421.88,0.0,CC-001,421.88,-10972.050000000001
2022-10-20,Credit card payment,0.0,7248.03,CC-001,-7248.03,-18220.08
2022-10-24,E-comm shipping labels,574.35,0.0,CC-001,574.35,-17645.730000000003
2022-10-25,Digital advertising spend,892.39,0.0,CC-001,892.39,-16753.34
2022-10-26,Office & packaging supplies,321.6,0.0,CC-001,321.6,-16431.74
2022-10-26,Travel & meals,1679.92,0.0,CC-001,1679.92,-14751.820000000002
2022-10-31,E-comm shipping labels,698.32,0.0,CC-001,698.32,-14053.500000000002
2022-11-01,Software subscriptions,914.13,0.0,CC-001,914.13,-13139.37
2022-11-02,Travel & meals,316.91,0.0,CC-001,316.91,-12822.460000000001
2022-11-03,E-comm shipping labels,479.78,0.0,CC-001,479.78,-12342.680000000002
2022-11-10,E-comm shipping labels,677.24,0.0,CC-001,677.24,-11665.440000000002
2022-11-16,Office & packaging supplies,481.19,0.0,CC-001,481.19,-11184.250000000002
2022-11-17,E-comm shipping labels,632.74,0.0,CC-001,632.74,-10551.510000000002
2022-11-18,Digital advertising spend,1685.8,0.0,CC-001,1685.8,-8865.710000000001
2022-11-21,Travel & meals,369.01,0.0,CC-001,369.01,-8496.7
2022-11-24,E-comm shipping labels,446.41,0.0,CC-001,446.41,-8050.290000000002
2022-11-25,Digital advertising spend,1159.42,0.0,CC-001,1159.42,-6890.870000000001
2022-11-30,Office & packaging supplies,361.3,0.0,CC-001,361.3,-6529.5700000000015
2022-12-01,E-comm shipping labels,208.1,0.0,CC-001,208.1,-6321.470000000001
2022-12-01,Software subscriptions,388.94,0.0,CC-001,388.94,-5932.530000000002
2022-12-05,Credit card payment,0.0,3907.73,CC-001,-3907.73,-9840.260000000002
2022-12-05,E-comm shipping labels,132.77,0.0,CC-001,132.77,-9707.490000000002
2022-12-08,E-comm shipping labels,283.36,0.0,CC-001,283.36,-9424.130000000001
2022-12-12,Digital advertising spend,2944.61,0.0,CC-001,2944.61,-6479.52
2022-12-12,E-comm shipping labels,491.1,0.0,CC-001,491.1,-5988.420000000001
2022-12-20,Credit card payment,0.0,6939.41,CC-001,-6939.41,-12927.830000000002
2022-12-20,Travel & meals,2040.04,0.0,CC-001,2040.04,-10887.79
2022-12-21,Office & packaging supplies,328.12,0.0,CC-001,328.12,-10559.67
2022-12-22,E-comm shipping labels,588.51,0.0,CC-001,588.51,-9971.160000000002
2022-12-26,E-comm shipping labels,229.35,0.0,CC-001,229.35,-9741.810000000001
2022-12-29,E-comm shipping labels,362.57,0.0,CC-001,362.57,-9379.240000000002
2023-01-01,Software subscriptions,454.56,0.0,CC-001,454.56,-8924.68
2023-01-02,E-comm shipping labels,632.13,0.0,CC-001,632.13,-8292.550000000001
2023-01-05,Credit card payment,0.0,9357.89,CC-001,-9357.89,-17650.440000000002
2023-01-09,E-comm shipping labels,384.91,0.0,CC-001,384.91,-17265.53
2023-01-12,Digital advertising spend,1838.41,0.0,CC-001,1838.41,-15427.12
2023-01-12,E-comm shipping labels,374.85,0.0,CC-001,374.85,-15052.27
2023-01-16,E-comm shipping labels,622.28,0.0,CC-001,622.28,-14429.99
2023-01-18,Digital advertising spend,1559.4,0.0,CC-001,1559.4,-12870.59
2023-01-19,E-comm shipping labels,478.5,0.0,CC-001,478.5,-12392.09
2023-01-20,Credit card payment,0.0,9788.95,CC-001,-9788.95,-22181.04
2023-01-23,E-comm shipping labels,307.72,0.0,CC-001,307.72,-21873.32
2023-01-24,Travel & meals,488.03,0.0,CC-001,488.03,-21385.29
2023-01-25,Digital advertising spend,877.06,0.0,CC-001,877.06,-20508.23
2023-01-25,Office & packaging supplies,91.72,0.0,CC-001,91.72,-20416.510000000002
2023-01-30,E-comm shipping labels,199.3,0.0,CC-001,199.3,-20217.21
2023-02-01,Office & packaging supplies,530.66,0.0,CC-001,530.66,-19686.55
2023-02-01,Software subscriptions,797.47,0.0,CC-001,797.47,-18889.08
2023-02-06,E-comm shipping labels,226.11,0.0,CC-001,226.11,-18662.97
2023-02-08,Office & packaging supplies,407.27,0.0,CC-001,407.27,-18255.7
2023-02-09,E-comm shipping labels,523.19,0.0,CC-001,523.19,-17732.510000000002
2023-02-13,E-comm shipping labels,315.05,0.0,CC-001,315.05,-17417.46
2023-02-13,Travel & meals,1844.25,0.0,CC-001,1844.25,-15573.210000000001
2023-02-14,Travel & meals,1186.08,0.0,CC-001,1186.08,-14387.130000000001
2023-02-15,Office & packaging supplies,537.13,0.0,CC-001,537.13,-13850.000000000002
2023-02-16,E-comm shipping labels,409.87,0.0,CC-001,409.87,-13440.130000000001
2023-02-20,Credit card payment,0.0,2901.16,CC-001,-2901.16,-16341.29
2023-02-22,Office & packaging supplies,434.17,0.0,CC-001,434.17,-15907.12
2023-02-27,E-comm shipping labels,310.65,0.0,CC-001,310.65,-15596.470000000001
2023-03-01,Office & packaging supplies,310.09,0.0,CC-001,310.09,-15286.380000000001
2023-03-01,Software subscriptions,472.23,0.0,CC-001,472.23,-14814.150000000001
2023-03-02,E-comm shipping labels,556.22,0.0,CC-001,556.22,-14257.93
2023-03-08,Office & packaging supplies,548.41,0.0,CC-001,548.41,-13709.52
2023-03-09,E-comm shipping labels,656.01,0.0,CC-001,656.01,-13053.51
2023-03-15,Office & packaging supplies,403.59,0.0,CC-001,403.59,-12649.92
2023-03-20,Credit card payment,0.0,10568.86,CC-001,-10568.86,-23218.78
2023-03-20,E-comm shipping labels,406.82,0.0,CC-001,406.82,-22811.96
2023-03-23,E-comm shipping labels,511.97,0.0,CC-001,511.97,-22299.99
2023-03-27,E-comm shipping labels,566.48,0.0,CC-001,566.48,-21733.510000000002
2023-03-29,Office & packaging supplies,248.78,0.0,CC-001,248.78,-21484.73
2023-03-30,E-comm shipping labels,317.66,0.0,CC-001,317.66,-21167.07
2023-04-01,Software subscriptions,739.8,0.0,CC-001,739.8,-20427.27
2023-04-03,E-comm shipping labels,202.95,0.0,CC-001,202.95,-20224.32
2023-04-03,Travel & meals,980.45,0.0,CC-001,980.45,-19243.87
2023-04-05,Credit card payment,0.0,8865.38,CC-001,-8865.38,-28109.25
2023-04-10,E-comm shipping labels,726.96,0.0,CC-001,726.96,-27382.29
2023-04-12,Digital advertising spend,2285.66,0.0,CC-001,2285.66,-25096.63
2023-04-12,Office & packaging supplies,234.4,0.0,CC-001,234.4,-24862.23
2023-04-13,E-comm shipping labels,273.78,0.0,CC-001,273.78,-24588.45
2023-04-17,E-comm shipping labels,387.37,0.0,CC-001,387.37,-24201.08
2023-04-18,Digital advertising spend,1859.99,0.0,CC-001,1859.99,-22341.09
2023-04-19,Office & packaging supplies,300.39,0.0,CC-001,300.39,-22040.7
2023-04-20,Credit card payment,0.0,7195.94,CC-001,-7195.94,-29236.64
2023-04-24,E-comm shipping labels,605.18,0.0,CC-001,605.18,-28631.46
2023-04-25,Digital advertising spend,2982.99,0.0,CC-001,2982.99,-25648.47
2023-05-01,Software subscriptions,447.28,0.0,CC-001,447.28,-25201.19
2023-05-03,Office & packaging supplies,574.07,0.0,CC-001,574.07,-24627.12
2023-05-04,E-comm shipping labels,294.36,0.0,CC-001,294.36,-24332.76
2023-05-05,Credit card payment,0.0,5023.79,CC-001,-5023.79,-29356.55
2023-05-10,Office & packaging supplies,535.2,0.0,CC-001,535.2,-28821.35
2023-05-11,E-comm shipping labels,191.62,0.0,CC-001,191.62,-28629.73
2023-05-12,Digital advertising spend,2595.68,0.0,CC-001,2595.68,-26034.05
2023-05-15,E-comm shipping labels,573.55,0.0,CC-001,573.55,-25460.5
2023-05-17,Office & packaging supplies,301.93,0.0,CC-001,301.93,-25158.57
2023-05-18,Digital advertising spend,1261.97,0.0,CC-001,1261.97,-23896.6
2023-05-22,E-comm shipping labels,169.51,0.0,CC-001,169.51,-23727.09
2023-05-25,Digital advertising spend,2653.42,0.0,CC-001,2653.42,-21073.67
2023-05-25,E-comm shipping labels,709.75,0.0,CC-001,709.75,-20363.92
2023-05-29,E-comm shipping labels,325.53,0.0,CC-001,325.53,-20038.39
2023-06-01,E-comm shipping labels,331.4,0.0,CC-001,331.4,-19706.989999999998
2023-06-01,Software subscriptions,971.31,0.0,CC-001,971.31,-18735.68
2023-06-05,Credit card payment,0.0,4366.64,CC-001,-4366.64,-23102.32
2023-06-07,Office & packaging supplies,387.34,0.0,CC-001,387.34,-22714.98
2023-06-08,E-comm shipping labels,528.61,0.0,CC-001,528.61,-22186.37
2023-06-12,Digital advertising spend,1003.66,0.0,CC-001,1003.66,-21182.71
2023-06-12,E-comm shipping labels,624.38,0.0,CC-001,624.38,-20558.329999999998
2023-06-13,Travel & meals,507.91,0.0,CC-001,507.91,-20050.42
2023-06-15,E-comm shipping labels,177.37,0.0,CC-001,177.37,-19873.05
2023-06-19,E-comm shipping labels,286.03,0.0,CC-001,286.03,-19587.02
2023-06-19,Travel & meals,236.71,0.0,CC-001,236.71,-19350.31
2023-06-20,Credit card payment,0.0,8037.46,CC-001,-8037.46,-27387.77
2023-06-21,Office & packaging supplies,131.87,0.0,CC-001,131.87,-27255.899999999998
2023-06-22,E-comm shipping labels,366.53,0.0,CC-001,366.53,-26889.37
2023-06-26,E-comm shipping labels,566.73,0.0,CC-001,566.73,-26322.64
2023-06-28,Office & packaging supplies,409.95,0.0,CC-001,409.95,-25912.69
2023-06-30,Travel & meals,700.29,0.0,CC-001,700.29,-25212.4
2023-07-01,Software subscriptions,472.58,0.0,CC-001,472.58,-24739.82
2023-07-03,E-comm shipping labels,601.03,0.0,CC-001,601.03,-24138.79
2023-07-05,Credit card payment,0.0,7112.74,CC-001,-7112.74,-31251.53
2023-07-05,Office & packaging supplies,441.58,0.0,CC-001,441.58,-30809.95
2023-07-06,E-comm shipping labels,235.08,0.0,CC-001,235.08,-30574.87
2023-07-12,Digital advertising spend,1328.03,0.0,CC-001,1328.03,-29246.84
2023-07-12,Office & packaging supplies,113.46,0.0,CC-001,113.46,-29133.38
2023-07-18,Digital advertising spend,1368.41,0.0,CC-001,1368.41,-27764.97
2023-07-19,Office & packaging supplies,490.55,0.0,CC-001,490.55,-27274.42
2023-07-20,Credit card payment,0.0,9570.01,CC-001,-9570.01,-36844.43
2023-07-24,E-comm shipping labels,161.14,0.0,CC-001,161.14,-36683.29
2023-07-25,Digital advertising spend,2602.27,0.0,CC-001,2602.27,-34081.020000000004
2023-07-26,Office & packaging supplies,94.23,0.0,CC-001,94.23,-33986.79
2023-07-27,E-comm shipping labels,293.54,0.0,CC-001,293.54,-33693.25
2023-07-31,E-comm shipping labels,693.79,0.0,CC-001,693.79,-32999.46
2023-08-01,Software subscriptions,627.61,0.0,CC-001,627.61,-32371.850000000002
2023-08-10,E-comm shipping labels,276.33,0.0,CC-001,276.33,-32095.52
2023-08-14,E-comm shipping labels,218.91,0.0,CC-001,218.91,-31876.61
2023-08-16,Office & packaging supplies,186.33,0.0,CC-001,186.33,-31690.28
2023-08-17,E-comm shipping labels,631.12,0.0,CC-001,631.12,-31059.16
2023-08-18,Digital advertising spend,987.45,0.0,CC-001,987.45,-30071.71
2023-08-25,Digital advertising spend,2463.07,0.0,CC-001,2463.07,-27608.64
2023-08-30,Office & packaging supplies,227.46,0.0,CC-001,227.46,-27381.18
2023-08-31,E-comm shipping labels,302.89,0.0,CC-001,302.89,-27078.29
2023-08-31,Travel & meals,309.03,0.0,CC-001,309.03,-26769.260000000002
2023-09-01,Software subscriptions,412.83,0.0,CC-001,412.83,-26356.43
2023-09-04,E-comm shipping labels,186.19,0.0,CC-001,186.19,-26170.24
2023-09-05,Credit card payment,0.0,8940.07,CC-001,-8940.07,-35110.31
2023-09-06,Office & packaging supplies,477.36,0.0,CC-001,477.36,-34632.95
2023-09-12,Digital advertising spend,2192.31,0.0,CC-001,2192.31,-32440.64
2023-09-12,Travel & meals,483.96,0.0,CC-001,483.96,-31956.68
2023-09-14,E-comm shipping labels,624.57,0.0,CC-001,624.57,-31332.11
2023-09-18,Digital advertising spend,1972.61,0.0,CC-001,1972.61,-29359.5
2023-09-18,E-comm shipping labels,676.06,0.0,CC-001,676.06,-28683.44
2023-09-20,Credit card payment,0.0,3023.49,CC-001,-3023.49,-31706.93
2023-09-21,E-comm shipping labels,508.14,0.0,CC-001,508.14,-31198.79
2023-09-25,Digital advertising spend,2619.48,0.0,CC-001,2619.48,-28579.309999999998
2023-09-25,E-comm shipping labels,620.9,0.0,CC-001,620.9,-27958.41
2023-09-28,E-comm shipping labels,301.17,0.0,CC-001,301.17,-27657.239999999998
2023-10-01,Software subscriptions,840.17,0.0,CC-001,840.17,-26817.07
2023-10-02,E-comm shipping labels,680.23,0.0,CC-001,680.23,-26136.84
2023-10-04,Office & packaging supplies,513.72,0.0,CC-001,513.72,-25623.12
2023-10-05,Credit card payment,0.0,5413.94,CC-001,-5413.94,-31037.059999999998
2023-10-05,E-comm shipping labels,720.17,0.0,CC-001,720.17,-30316.89
2023-10-09,E-comm shipping labels,451.77,0.0,CC-001,451.77,-29865.12
2023-10-09,Travel & meals,584.81,0.0,CC-001,584.81,-29280.31
2023-10-11,Office & packaging supplies,275.82,0.0,CC-001,275.82,-29004.489999999998
2023-10-12,Digital advertising spend,1760.66,0.0,CC-001,1760.66,-27243.829999999998
2023-10-12,E-comm shipping labels,472.21,0.0,CC-001,472.21,-26771.62
2023-10-16,E-comm shipping labels,239.69,0.0,CC-001,239.69,-26531.93
2023-10-18,Digital advertising spend,973.37,0.0,CC-001,973.37,-25558.559999999998
2023-10-18,Office & packaging supplies,515.46,0.0,CC-001,515.46,-25043.1
2023-10-19,E-comm shipping labels,731.89,0.0,CC-001,731.89,-24311.21
2023-10-20,Credit card payment,0.0,6947.34,CC-001,-6947.34,-31258.55
2023-10-23,E-comm shipping labels,631.13,0.0,CC-001,631.13,-30627.42
2023-10-25,Digital advertising spend,1303.6,0.0,CC-001,1303.6,-29323.82
2023-10-25,Office & packaging supplies,400.16,0.0,CC-001,400.16,-28923.66
2023-10-26,E-comm shipping labels,414.65,0.0,CC-001,414.65,-28509.01
2023-10-30,E-comm shipping labels,491.24,0.0,CC-001,491.24,-28017.77
2023-11-01,Office & packaging supplies,355.85,0.0,CC-001,355.85,-27661.92
2023-11-01,Software subscriptions,707.22,0.0,CC-001,707.22,-26954.7
2023-11-06,E-comm shipping labels,150.76,0.0,CC-001,150.76,-26803.94
2023-11-08,Office & packaging supplies,539.86,0.0,CC-001,539.86,-26264.079999999998
2023-11-08,Travel & meals,1806.44,0.0,CC-001,1806.44,-24457.64
2023-11-09,E-comm shipping labels,672.75,0.0,CC-001,672.75,-23784.89
2023-11-13,E-comm shipping labels,675.31,0.0,CC-001,675.31,-23109.579999999998
2023-11-16,E-comm shipping labels,682.38,0.0,CC-001,682.38,-22427.2
2023-11-20,Credit card payment,0.0,3862.32,CC-001,-3862.32,-26289.52
2023-11-20,E-comm shipping labels,430.14,0.0,CC-001,430.14,-25859.379999999997
2023-11-22,Office & packaging supplies,302.14,0.0,CC-001,302.14,-25557.239999999998
2023-11-27,E-comm shipping labels,722.31,0.0,CC-001,722.31,-24834.93
2023-12-01,Software subscriptions,996.78,0.0,CC-001,996.78,-23838.149999999998
2023-12-04,E-comm shipping labels,663.51,0.0,CC-001,663.51,-23174.64
2023-12-05,Credit card payment,0.0,9423.47,CC-001,-9423.47,-32598.11
2023-12-06,Office & packaging supplies,139.13,0.0,CC-001,139.13,-32458.98
2023-12-07,E-comm shipping labels,208.52,0.0,CC-001,208.52,-32250.46
2023-12-12,Digital advertising spend,2552.17,0.0,CC-001,2552.17,-29698.289999999997
2023-12-14,E-comm shipping labels,381.99,0.0,CC-001,381.99,-29316.3
2023-12-18,E-comm shipping labels,639.78,0.0,CC-001,639.78,-28676.519999999997
2023-12-20,Credit card payment,0.0,3668.66,CC-001,-3668.66,-32345.18
2023-12-21,E-comm shipping labels,220.86,0.0,CC-001,220.86,-32124.32
2023-12-25,Digital advertising spend,2980.71,0.0,CC-001,2980.71,-29143.609999999997
2023-12-25,E-comm shipping labels,545.08,0.0,CC-001,545.08,-28598.53
2023-12-28,E-comm shipping labels,685.86,0.0,CC-001,685.86,-27912.67
2024-01-01,E-comm shipping labels,433.88,0.0,CC-001,433.88,-27478.789999999997
2024-01-01,Software subscriptions,755.54,0.0,CC-001,755.54,-26723.25
2024-01-05,Credit card payment,0.0,11162.47,CC-001,-11162.47,-37885.72
2024-01-08,E-comm shipping labels,760.67,0.0,CC-001,760.67,-37125.049999999996
2024-01-11,E-comm shipping labels,713.4,0.0,CC-001,713.4,-36411.649999999994
2024-01-12,Digital advertising spend,3181.22,0.0,CC-001,3181.22,-33230.43
2024-01-17,Office & packaging supplies,335.59,0.0,CC-001,335.59,-32894.84
2024-01-18,Digital advertising spend,1399.55,0.0,CC-001,1399.55,-31495.289999999997
2024-01-18,E-comm shipping labels,247.42,0.0,CC-001,247.42,-31247.87
2024-01-25,Digital advertising spend,1841.88,0.0,CC-001,1841.88,-29405.989999999998
2024-01-25,E-comm shipping labels,370.87,0.0,CC-001,370.87,-29035.12
2024-01-30,Travel & meals,2470.7,0.0,CC-001,2470.7,-26564.42
2024-02-01,E-comm shipping labels,672.25,0.0,CC-001,672.25,-25892.17
2024-02-01,Software subscriptions,852.06,0.0,CC-001,852.06,-25040.109999999997
2024-02-05,Credit card payment,0.0,9161.39,CC-001,-9161.39,-34201.5
2024-02-05,E-comm shipping labels,370.68,0.0,CC-001,370.68,-33830.82
2024-02-07,Office & packaging supplies,527.06,0.0,CC-001,527.06,-33303.759999999995
2024-02-08,E-comm shipping labels,635.94,0.0,CC-001,635.94,-32667.819999999996
2024-02-12,Digital advertising spend,2443.08,0.0,CC-001,2443.08,-30224.739999999998
2024-02-14,Office & packaging supplies,341.08,0.0,CC-001,341.08,-29883.659999999996
2024-02-15,E-comm shipping labels,194.41,0.0,CC-001,194.41,-29689.249999999996
2024-02-19,E-comm shipping labels,308.87,0.0,CC-001,308.87,-29380.379999999997
2024-02-20,Credit card payment,0.0,7247.51,CC-001,-7247.51,-36627.89
2024-02-22,E-comm shipping labels,470.89,0.0,CC-001,470.89,-36157.0
2024-02-26,E-comm shipping labels,642.52,0.0,CC-001,642.52,-35514.479999999996
2024-02-29,E-comm shipping labels,424.52,0.0,CC-001,424.52,-35089.96
2024-03-01,Software subscriptions,604.9,0.0,CC-001,604.9,-34485.06
2024-03-05,Credit card payment,0.0,10358.17,CC-001,-10358.17,-44843.229999999996
2024-03-07,E-comm shipping labels,563.95,0.0,CC-001,563.95,-44279.28
2024-03-12,Digital advertising spend,1720.06,0.0,CC-001,1720.06,-42559.219999999994
2024-03-14,E-comm shipping labels,225.13,0.0,CC-001,225.13,-42334.09
2024-03-18,Digital advertising spend,1799.5,0.0,CC-001,1799.5,-40534.59
2024-03-18,E-comm shipping labels,765.39,0.0,CC-001,765.39,-39769.2
2024-03-20,Credit card payment,0.0,10207.29,CC-001,-10207.29,-49976.49
2024-03-20,Office & packaging supplies,454.56,0.0,CC-001,454.56,-49521.92999999999
2024-03-21,E-comm shipping labels,688.01,0.0,CC-001,688.01,-48833.92
2024-03-25,Digital advertising spend,3031.11,0.0,CC-001,3031.11,-45802.81
2024-03-27,Office & packaging supplies,267.2,0.0,CC-001,267.2,-45535.60999999999
2024-04-01,E-comm shipping labels,514.12,0.0,CC-001,514.12,-45021.49
2024-04-01,Software subscriptions,1064.13,0.0,CC-001,1064.13,-43957.35999999999
2024-04-03,Office & packaging supplies,559.85,0.0,CC-001,559.85,-43397.509999999995
2024-04-04,E-comm shipping labels,515.96,0.0,CC-001,515.96,-42881.549999999996
2024-04-05,Credit card payment,0.0,9980.47,CC-001,-9980.47,-52862.02
2024-04-08,E-comm shipping labels,509.63,0.0,CC-001,509.63,-52352.38999999999
2024-04-10,Office & packaging supplies,450.43,0.0,CC-001,450.43,-51901.95999999999
2024-04-12,Digital advertising spend,3263.42,0.0,CC-001,3263.42,-48638.53999999999
2024-04-15,E-comm shipping labels,272.61,0.0,CC-001,272.61,-48365.92999999999
2024-04-17,Office & packaging supplies,111.45,0.0,CC-001,111.45,-48254.479999999996
2024-04-18,Digital advertising spend,2764.7,0.0,CC-001,2764.7,-45489.78
2024-04-22,E-comm shipping labels,473.61,0.0,CC-001,473.61,-45016.17
2024-04-24,Office & packaging supplies,606.71,0.0,CC-001,606.71,-44409.45999999999
2024-04-25,Digital advertising spend,3086.8,0.0,CC-001,3086.8,-41322.659999999996
2024-04-29,E-comm shipping labels,710.96,0.0,CC-001,710.96,-40611.7
2024-05-01,Software subscriptions,890.48,0.0,CC-001,890.48,-39721.219999999994
2024-05-06,E-comm shipping labels,611.74,0.0,CC-001,611.74,-39109.479999999996
2024-05-08,Office & packaging supplies,243.86,0.0,CC-001,243.86,-38865.619999999995
2024-05-09,E-comm shipping labels,427.8,0.0,CC-001,427.8,-38437.81999999999
2024-05-13,E-comm shipping labels,391.57,0.0,CC-001,391.57,-38046.24999999999
2024-05-16,E-comm shipping labels,518.11,0.0,CC-001,518.11,-37528.13999999999
2024-05-20,Credit card payment,0.0,9242.92,CC-001,-9242.92,-46771.06
2024-05-20,E-comm shipping labels,392.83,0.0,CC-001,392.83,-46378.229999999996
2024-05-20,Travel & meals,2035.1,0.0,CC-001,2035.1,-44343.13
2024-05-27,E-comm shipping labels,757.77,0.0,CC-001,757.77,-43585.35999999999
2024-05-30,E-comm shipping labels,440.56,0.0,CC-001,440.56,-43144.799999999996
2024-05-31,Travel & meals,304.7,0.0,CC-001,304.7,-42840.09999999999
2024-06-01,Software subscriptions,1070.38,0.0,CC-001,1070.38,-41769.719999999994
2024-06-03,E-comm shipping labels,723.97,0.0,CC-001,723.97,-41045.74999999999
2024-06-05,Credit card payment,0.0,8020.7,CC-001,-8020.7,-49066.45
2024-06-06,E-comm shipping labels,622.32,0.0,CC-001,622.32,-48444.12999999999
2024-06-12,Digital advertising spend,1444.21,0.0,CC-001,1444.21,-46999.91999999999
2024-06-12,Office & packaging supplies,191.21,0.0,CC-001,191.21,-46808.70999999999
2024-06-13,E-comm shipping labels,760.37,0.0,CC-001,760.37,-46048.34
2024-06-18,Digital advertising spend,1319.94,0.0,CC-001,1319.94,-44728.399999999994
2024-06-19,Office & packaging supplies,560.7,0.0,CC-001,560.7,-44167.69999999999
2024-06-20,Credit card payment,0.0,5456.53,CC-001,-5456.53,-49624.229999999996
2024-06-25,Digital advertising spend,872.92,0.0,CC-001,872.92,-48751.30999999999
2024-07-01,Software subscriptions,1003.58,0.0,CC-001,1003.58,-47747.729999999996
2024-07-03,Office & packaging supplies,601.48,0.0,CC-001,601.48,-47146.24999999999
2024-07-04,E-comm shipping labels,736.25,0.0,CC-001,736.25,-46409.99999999999
2024-07-05,Credit card payment,0.0,9110.59,CC-001,-9110.59,-55520.59
2024-07-08,E-comm shipping labels,446.0,0.0,CC-001,446.0,-55074.59
2024-07-10,Office & packaging supplies,478.25,0.0,CC-001,478.25,-54596.34
2024-07-11,E-comm shipping labels,341.84,0.0,CC-001,341.84,-54254.49999999999
2024-07-12,Digital advertising spend,3217.24,0.0,CC-001,3217.24,-51037.259999999995
2024-07-15,E-comm shipping labels,185.7,0.0,CC-001,185.7,-50851.55999999999
2024-07-17,Office & packaging supplies,504.76,0.0,CC-001,504.76,-50346.799999999996
2024-07-18,Digital advertising spend,2301.11,0.0,CC-001,2301.11,-48045.689999999995
2024-07-22,E-comm shipping labels,471.04,0.0,CC-001,471.04,-47574.649999999994
2024-07-25,Digital advertising spend,3013.91,0.0,CC-001,3013.91,-44560.73999999999
2024-08-01,E-comm shipping labels,591.48,0.0,CC-001,591.48,-43969.259999999995
2024-08-01,Software subscriptions,423.62,0.0,CC-001,423.62,-43545.63999999999
2024-08-05,Credit card payment,0.0,7474.77,CC-001,-7474.77,-51020.409999999996
2024-08-05,E-comm shipping labels,206.52,0.0,CC-001,206.52,-50813.88999999999
2024-08-08,E-comm shipping labels,708.11,0.0,CC-001,708.11,-50105.77999999999
2024-08-12,Digital advertising spend,2600.15,0.0,CC-001,2600.15,-47505.62999999999
2024-08-12,E-comm shipping labels,199.51,0.0,CC-001,199.51,-47306.119999999995
2024-08-14,Office & packaging supplies,296.34,0.0,CC-001,296.34,-47009.77999999999
2024-08-15,E-comm shipping labels,581.41,0.0,CC-001,581.41,-46428.369999999995
2024-08-19,E-comm shipping labels,313.58,0.0,CC-001,313.58,-46114.78999999999
2024-08-20,Credit card payment,0.0,4065.13,CC-001,-4065.13,-50179.91999999999
2024-08-21,Office & packaging supplies,452.57,0.0,CC-001,452.57,-49727.34999999999
2024-08-22,E-comm shipping labels,523.31,0.0,CC-001,523.31,-49204.03999999999
2024-08-26,E-comm shipping labels,359.4,0.0,CC-001,359.4,-48844.63999999999
2024-08-29,Travel & meals,1991.59,0.0,CC-001,1991.59,-46853.049999999996
2024-09-01,Software subscriptions,768.26,0.0,CC-001,768.26,-46084.78999999999
2024-09-02,E-comm shipping labels,401.56,0.0,CC-001,401.56,-45683.229999999996
2024-09-04,Office & packaging supplies,264.9,0.0,CC-001,264.9,-45418.329999999994
2024-09-05,Credit card payment,0.0,5726.74,CC-001,-5726.74,-51145.06999999999
2024-09-05,E-comm shipping labels,513.43,0.0,CC-001,513.43,-50631.63999999999
2024-09-09,E-comm shipping labels,173.76,0.0,CC-001,173.76,-50457.87999999999
2024-09-09,Travel & meals,1960.82,0.0,CC-001,1960.82,-48497.05999999999
2024-09-12,Digital advertising spend,3032.22,0.0,CC-001,3032.22,-45464.84
2024-09-12,E-comm shipping labels,668.1,0.0,CC-001,668.1,-44796.73999999999
2024-09-13,Travel & meals,683.99,0.0,CC-001,683.99,-44112.74999999999
2024-09-16,E-comm shipping labels,213.01,0.0,CC-001,213.01,-43899.73999999999
2024-09-18,Digital advertising spend,3079.34,0.0,CC-001,3079.34,-40820.399999999994
2024-09-20,Credit card payment,0.0,4932.33,CC-001,-4932.33,-45752.729999999996
2024-09-25,Digital advertising spend,3107.66,0.0,CC-001,3107.66,-42645.06999999999
2024-09-26,E-comm shipping labels,207.22,0.0,CC-001,207.22,-42437.84999999999
2024-09-30,E-comm shipping labels,552.46,0.0,CC-001,552.46,-41885.38999999999
2024-10-01,Software subscriptions,736.75,0.0,CC-001,736.75,-41148.63999999999
2024-10-02,Office & packaging supplies,230.32,0.0,CC-001,230.32,-40918.31999999999
2024-10-07,E-comm shipping labels,314.2,0.0,CC-001,314.2,-40604.119999999995
2024-10-09,Office & packaging supplies,521.13,0.0,CC-001,521.13,-40082.98999999999
2024-10-10,E-comm shipping labels,549.91,0.0,CC-001,549.91,-39533.079999999994
2024-10-14,E-comm shipping labels,418.12,0.0,CC-001,418.12,-39114.95999999999
2024-10-16,Office & packaging supplies,359.3,0.0,CC-001,359.3,-38755.659999999996
2024-10-17,E-comm shipping labels,656.35,0.0,CC-001,656.35,-38099.31
2024-10-21,E-comm shipping labels,249.73,0.0,CC-001,249.73,-37849.579999999994
2024-10-21,Travel & meals,294.86,0.0,CC-001,294.86,-37554.719999999994
2024-10-25,Digital advertising spend,2613.0,0.0,CC-001,2613.0,-34941.719999999994
2024-10-28,E-comm shipping labels,244.19,0.0,CC-001,244.19,-34697.52999999999
2024-10-30,Office & packaging supplies,464.39,0.0,CC-001,464.39,-34233.13999999999
2024-10-31,E-comm shipping labels,352.9,0.0,CC-001,352.9,-33880.24
2024-11-01,Software subscriptions,753.99,0.0,CC-001,753.99,-33126.24999999999
2024-11-05,Credit card payment,0.0,9440.57,CC-001,-9440.57,-42566.81999999999
2024-11-06,Office & packaging supplies,334.71,0.0,CC-001,334.71,-42232.10999999999
2024-11-07,E-comm shipping labels,219.19,0.0,CC-001,219.19,-42012.91999999999
2024-11-11,E-comm shipping labels,702.65,0.0,CC-001,702.65,-41310.27
2024-11-12,Digital advertising spend,2217.64,0.0,CC-001,2217.64,-39092.63
2024-11-13,Office & packaging supplies,505.85,0.0,CC-001,505.85,-38586.77999999999
2024-11-18,Digital advertising spend,714.47,0.0,CC-001,714.47,-37872.31
2024-11-20,Credit card payment,0.0,4326.7,CC-001,-4326.7,-42199.009999999995
2024-11-21,E-comm shipping labels,235.82,0.0,CC-001,235.82,-41963.189999999995
2024-11-25,Digital advertising spend,2080.44,0.0,CC-001,2080.44,-39882.74999999999
2024-11-28,E-comm shipping labels,399.07,0.0,CC-001,399.07,-39483.67999999999
2024-12-01,Software subscriptions,954.43,0.0,CC-001,954.43,-38529.24999999999
2024-12-04,Office & packaging supplies,221.27,0.0,CC-001,221.27,-38307.979999999996
2024-12-05,Credit card payment,0.0,5664.17,CC-001,-5664.17,-43972.149999999994
2024-12-09,E-comm shipping labels,654.77,0.0,CC-001,654.77,-43317.38
2024-12-11,Office & packaging supplies,423.63,0.0,CC-001,423.63,-42893.74999999999
2024-12-12,Digital advertising spend,2266.74,0.0,CC-001,2266.74,-40627.009999999995
2024-12-16,E-comm shipping labels,522.35,0.0,CC-001,522.35,-40104.659999999996
2024-12-18,Digital advertising spend,2713.88,0.0,CC-001,2713.88,-37390.77999999999
2024-12-19,E-comm shipping labels,344.81,0.0,CC-001,344.81,-37045.969999999994
2024-12-19,Travel & meals,2284.94,0.0,CC-001,2284.94,-34761.02999999999
2024-12-20,Credit card payment,0.0,3205.76,CC-001,-3205.76,-37966.78999999999
2024-12-24,Travel & meals,2109.59,0.0,CC-001,2109.59,-35857.2
2024-12-25,Digital advertising spend,1347.84,0.0,CC-001,1347.84,-34509.35999999999
2024-12-25,Office & packaging supplies,520.59,0.0,CC-001,520.59,-33988.77
2024-12-26,E-comm shipping labels,654.8,0.0,CC-001,654.8,-33333.969999999994
2024-12-26,Travel & meals,2494.58,0.0,CC-001,2494.58,-30839.389999999996
